0,0.019695,0,0.003331,0,0.050444,0,0.045789,0,0,0,0,0,0.000197,0,0,0,0,0,0
0,0.013012,0,0.005257,0,0.051426,0,0.042827,0,0,0,0,0,0.000361,0,0,0,0,0,0
0,0.033563,0,0.021964,0,0.050148,0,0.043142,0,0,0,0,0,0.000296,0,0,0,0,0,0
0,0.018264,0,0.003956,0,0.045543,0,0.042092,0,0,0,0,0,0.00023,0,0,0,0,0,0
0,0.01805,0,0.003019,0,0.042769,0,0.069754,0,0,0,0,0,0.000263,0,0,0,0,0,0
0,0.022102,0,0.080258,0,0.019347,0,0.029931,0,0,0,0,0,0.000197,0,0,0,0,0,0
0,0.083539,0,0.003956,0,0.010176,0,0.026486,0,0,0,0,0,0.00023,0,0,0,0,0,0
0,0.015355,0,0.010566,0,0.335967,0,0.052405,0,0,0,0,0,0.000263,0,0,0,0,0,0
0,0.029566,0,0.007911,0,0.04792,0,0.045579,0,0,0,0,0,0.000263,0,0,0,0,0,0
0,0.014462,0,0.00203,0,0.218708,0,0.04016,0,0,0,0,0,0.000329,0,0,0,0,0,0
0,0.080695,0,0.002186,0,0.218093,0,0.033249,0,0,0,0,0,0.000427,0,0,0,0,0,0
0,0.089544,0,0.006454,0,0.040946,0,0.030372,0,0,0,0,0,0.00023,0,0,0,0,0,0
0,0.120123,0,0.013116,0,1,0,0.071225,0,0,0,0,0,0.000296,0,0,0,0,0,0
0,0.093986,0,0.005257,0,0.260418,0,0.062592,0,0,0,0,0,0.000263,0,0,0,0,0,0
0,0.012966,0,0.001613,0,0.041421,0,0.033774,0,0,0,0,0,0.000296,0,0,0,0,0,0
0,0.074914,0,0.00484,0,0.040673,0,0.033081,0,0,0,0,0,0.000197,0,0,0,0,0,0
0,0.026945,0,0.003643,0,0.25808,0,0.040202,0,0,0,0,0,0.000263,0,0,0,0,0,0
0,0.037643,0,0.004684,0,0.080778,0,0.036652,0,0,0,0,0,0.001216,0,0,0,0,0,0
0,0.086086,0,0.00026,0,0.087969,0,0.032577,0,0,0,0,0,0.000591,0,0,0,0,0,0
0,0.109927,0,0.012075,0,0.25748,0,0.055198,0,0,0,0,0,0.000197,0,0,0,0,0,0
0,0.09802,0,0.42034,0,0.03285,0,0.037597,0,0,0,0,0,0.00023,0,0,0,0,0,0
0,0.093921,0,0.361838,0,0.041063,0,0.0364,0,0,0,0,0,0.000263,0,0,0,0,0,0
0,0.017111,0,0.001509,0,0.041717,0,0.027788,0,0,0,0,0,0.000263,0,0,0,0,0,0
0,0.225077,0,0.000416,0,0.040642,0,0.030204,0,0,0,0,0,0.000197,0,0,0,0,0,0
0,0.082108,0,0.009681,0,0.257122,0,0.051271,0,0,0,0,0,0.000197,0,0,0,0,0,0
0,0.08643,0,0.002394,0,0.040938,0,0.024995,0,0,0,0,0,0.000197,0,0,0,0,0,0
0,0.164904,0,0.176547,0,0.040907,0,0.03682,0,0,0,0,0,0.00023,0,0,0,0,0,0
0,0.08814,0,0.011294,0,0.041336,0,0.042302,0,0,0,0,0,0.000263,0,0,0,0,0,0
0,0.019751,0,0.025764,0,0.049314,0,0.092712,0,0,0,0,0,0.000329,0,0,0,0,0,0
0,0.012343,0,0.000729,0,0.136146,0,0.02949,0,0,0,0,0,0.000263,0,0,0,0,0,0
0,0.024249,0,0.003227,0,0.042489,0,0.04373,0,0,0,0,0,0.000263,0,0,0,0,0,0
0,0.123738,0,0.00484,0,0.042333,0,0.042554,0,0,0,0,0,0.000263,0,0,0,0,0,0
0,0.095232,0,0.079529,0,0.109358,0,0.057593,0,0,0,0,0,0.000263,0,0,0,0,0,0
0,0.074691,0,0.002082,0,0.040954,0,0.034951,0,0,0,0,0,0.000329,0,0,0,0,0,0
0,0.099981,0,0.006558,0,0.041187,0,0.032577,0,0,0,0,0,0.000296,0,0,0,0,0,0
0,0.358426,0,0.017905,0,0.043096,0,0.067738,0,0,0,0,0,0.0023,0,0,0,0,0,0
0,0.099498,0,0.002863,0,0.041374,0,0.044297,0,0,0,0,0,0.000329,0,0,0,0,0,0
0,0.089404,0,0.012335,0,0.257496,0,0.038164,0,0,0,0,0,0.00023,0,0,0,0,0,0
0,0.226805,0,0.012544,0,0.071817,0,0.058748,0,0,0,0,0,0.000296,0,0,0,0,0,0
0,0.086978,0,0,0,0.085772,0,0.047028,0,0,0,0,0,0.00023,0,0,0,0,0,0
0,0.112362,0,0.023265,0,0.040837,0,0.045117,0,0,0,0,0,0.00023,0,0,0,0,0,0
0,0.105521,0,0.000833,0,0.041382,0,0.057152,0,0,0,0,0,0.000427,0,0,0,0,0,0
0,0.020773,0,0.052881,0,0.259607,0,0.028922,0,0,0,0,0,0.000197,0,0,0,0,0,0
0,0.116916,0,0.006454,0,0.058929,0,0.068977,0,0,0,0,0,0.000821,0,0,0,0,0,0
0,0.096171,0,0.001561,0,0.04852,0,0.085801,0,0,0,0,0,0.00023,0,0,0,0,0,0
0,0.086653,0,0.001978,0,0.042668,0,0.030729,0,0,0,0,0,0.000394,0,0,0,0,0,0
0,0.10791,0,0.011138,0,0.041133,0,0.031632,0,0,0,0,0,0.000263,0,0,0,0,0,0
0,0.10039,0,0.006974,0,0.257394,0,0.092355,0,0,0,0,0,0.000263,0,0,0,0,0,0
0,0.238303,0,0.004112,0,0.093447,0,0.381075,0,0,0,0,0,0.000263,0,0,0,0,0,0
0,0.112529,0,0.002394,0,0.335749,0,0.050536,0,0,0,0,0,0.000263,0,0,0,0,0,0
0,0.071642,0,0.006454,0,0.041063,0,0.069061,0,0,0,0,0,0.000887,0,0,0,0,0,0
0,0.148155,0,0.006558,0,0.040697,0,0.069145,0,0,0,0,0,0.000263,0,0,0,0,0,0
0,0.025448,0,0.001926,0,0.041117,0,0.071351,0,0,0,0,0,0.00023,0,0,0,0,0,0
0,0.070815,0,0.009004,0,0.257355,0,0.042155,0,0,0,0,0,0.000263,0,0,0,0,0,0
0,0.092908,0,0.004997,0,0.041281,0,0.047028,0,0,0,0,0,0.000296,0,0,0,0,0,0
0,0.117186,0,0.017228,0,0.041515,0,0.100252,0,0,0,0,0,0.00023,0,0,0,0,0,0
0,0.096877,0,0.006818,0,0.040704,0,0.057845,0,0,0,0,0,0.000263,0,0,0,0,0,0
0,0.078046,0,0.011659,0,0.764329,0,0.070216,0,0.24849,0,0.392023,0,0.000854,0,0,0,0.08337,0,0
0,0.081959,0,0.004684,0,0.041234,0,0.027326,0,0.243277,0,0.387318,0,0.000296,0,0,0,0.087204,0,0
0,0.11686,0,0.008848,0,0.040743,0,0.03556,0,0.237377,0,0.344612,0,0.000296,0,0,0,0.078937,0,0
0,0.083595,0,0.01499,0,0.040712,0,0.069775,0,0.24246,0,0.402645,0,0.000296,0,0,0,0.077416,0,0
0,0.061056,0,0.024359,0,0.041702,0,0.048309,1,0.138885,0,0,0,0,0,0,0,0,0,0
0,0.023181,0,0.006298,0,0.042091,0,0.04205,0,0.25216,0,0.534143,0,0.000263,0,0,0,0.083656,0,0
0,0.190166,0,0.009993,0,0.040806,0,0.054232,0,0.267047,0,0.389667,0,0.000296,0,0,0,0.081301,0,0
0,0.032494,0,0.145422,0,0.041795,0,0.100336,0,0.246057,0,0.412235,0,0.001939,0,0,0,0.082038,0,0
0,0.070797,0,0.009993,0,0.05106,0,0.07532,0,0.246001,0,0.355602,0,0.00023,0,0,0,0.092592,0,0
0,0.044921,0,0.006402,0,0.041803,0,0.047595,0,0.247076,0,0.458484,0,0.000296,0,0,0,0.080708,0,0
0,0.115001,0,0.022849,0,0.041125,0,0.187188,0,0.249204,0,0.411752,0,0.000263,0,0,0,0.081436,0,0
0,0.225616,0,0.018373,0,0.041297,0,0.05209,0,0.25555,0,0.383644,0,0.000296,0,0,0,0.085188,0,0
0,0.093838,0,0.011815,0,0.040712,0,0.070867,0,0.245048,0,0.395828,0,0.00023,0,0,0,0.07937,0,0
0,0.03505,0,0.193983,0,0.041998,0,0.044675,0,0.253406,0,0.373825,0,0.001347,0,0,0,0.081274,0,0
0,0.071698,0,0.002707,0,0.040549,0,0.035266,0,0.243315,0,0.379045,0,0.000296,0,0,0,0.078939,0,0
0,0.073269,0,0.006298,0,0.041047,0,0.045243,0,0.249796,0,0.460522,0,0.00023,0,0,0,0.08132,0,0
0,0.073139,0,0.088534,0,0.041616,0,0.053077,0,0.245639,0,0.401131,0,0.000263,0,0,0,0.082389,0,0
0,0.106766,0,0.199813,0,0.04065,0,0.131254,0,0.243076,0,0.410345,0,0.000263,0,0,0,0.08079,0,0
0,0.118617,0,0.000208,0,0.040564,0,0.03264,0,0.243266,0,0.396851,0,0.002859,0,0,0,0.085166,0,0
0,0.163584,0,0.005881,0,0.040759,0,0.067675,0,0.265988,0,0.396941,0,0.00023,0,0,0,0.080986,0,0
0,0.109397,0,0.014313,0,0.040743,0,0.140496,0,0.24936,0,0.370069,0,0.000263,0,0,0,0.094914,0,0
0,0.132661,0,0.00609,0,0.040993,0,0.059546,0,0.242916,0,0.374275,0,0.00023,0,0,0,0.078166,0,0
0,0.135468,0,0.037058,0,0.040798,0,0.070111,0,0.244271,0,0.432136,0,0.00023,0,0,0,0.080454,0,0
0,0.061483,0,0.005205,0,0.041803,0,0.041042,0,0.241277,0,0.353482,0,0.00023,0,0,0,0.083974,0,0
0,0.066791,0,0.003591,0,0.040619,0,0.044675,0,0.247411,0,0.3412,0,0.000263,0,0,0,0.082548,0,0
0,0.08076,0,0.187217,0,0.05106,0,0.077673,0,0.256562,0,0.373841,0,0.00023,0,0,0,0.093031,0,0
0,0.023348,0,0.004945,0,0.041445,0,0.06047,0,0.244526,0,0.370601,0,0.00023,0,0,0,0.077855,0,0
0,0.111135,0,0.005986,0,0.041094,0,0.035455,0,0.267957,0,0.409985,0,0.00023,0,0,0,0.079192,0,0
0,0.065266,0,0.009993,0,0.040502,0,0.076728,0,0.245875,0,0.3498,0,0.00023,0,0,0,0.086721,0,0
0,0.087387,0,0.006142,0,0.040899,0,0.037366,0,0.246578,0,0.377933,0,0.000296,0,0,0,0.081638,0,0
0,0.145116,0,0.022797,0,0.04051,0,0.13348,0,0.248533,0,0.376631,0,0.00023,0,0,0,0.083258,0,0
0,0.158314,0,0.009265,0,0.044,0,0.060534,0,0.249054,0,0.353474,0,0.000296,0,0,0,0.086351,0,0
0,0.061074,0,0.004997,0,0.04111,0,0.035245,0,0.245787,0,0.412808,0,0.00023,0,0,0,0.09226,0,0
0,0.140059,0,0.0089,0,0.041273,0,0.086788,0,0.247687,0,0.374717,0,0.00023,0,0,0,0.08865,0,0
0,0.040571,0,0.007547,0,0.04171,0,0.087461,0,0.24959,0,0.415958,0,0.00115,0,0,0,0.080242,0,0
0,0.210689,0,0.01041,0,0.048948,0,0.061227,0,0.246966,0,0.430565,0,0.000296,0,0,0,0.089948,0,0
0,0.020569,0,0.009577,0,0.041429,0,0.067759,0,0.245123,0,0.416236,0,0.000296,0,0,0,0.085376,0,0
0,0.013709,0,0.005777,0,0.041507,0,0.0272,0,0.250362,0,0.402072,0,0.00023,0,0,0,0.079624,0,0
0,0.063733,0,0.00687,0,0.040736,0,0.022936,0,0.244056,0,0.40514,0,0.000263,0,0,0,0.078518,0,0
0,0.127437,0,0.044501,0,0.041141,0,0.217664,0,0.24415,0,0.41226,0,0.000263,0,0,0,0.086526,0,0
0,0.123822,0,0.018217,0,0.041374,0,0.036652,0,0.252863,0,0.480537,0,0.000296,0,0,0,0.08242,0,0
0,0.094693,0,0.022225,0,0.04125,0,0.119408,0,0.250747,0,0.461111,0,0.000361,0,0,0,0.082921,0,0
0,0.133525,0,0.024879,0,0.041008,0,0.076581,0,0.248306,0,0.476667,0,0.00023,0,0,0,0.088305,0,0
0,0.070034,0,0.013272,0,0.040595,0,0.073199,0,0.257917,0,0.409772,0,0.000329,0,0,0,0.085742,0,0
0,0.1386,0,0.018373,0,0.040743,0,0.096723,0,0.247705,0,0.446046,0,0.000296,0,0,0,0.091775,0,0
0,0.111795,0,0.01551,0,0.0512,0,0.064041,0,0.25301,0,0.402767,0,0.000394,0,0,0,0.091397,0,0
0,0.078864,0,0.008432,0,0.041639,0,0.030183,0,0.246904,0,0.384413,0,0.000263,0,0,0,0.078821,0,0
0,0.070555,0,0.018373,0,0.04065,0,0.032619,0,0.244536,0,0.414346,0,0.000329,0,0,0,0.080569,0,0
0,0.080398,0,0.006038,0,0.048886,0,0.033438,0,0.251454,0,0.491036,0,0.000329,0,0,0,0.087101,0,0
0,0.073185,0,0.01322,0,0.040525,0,0.046314,0,0.24938,0,0.43869,0,0.00023,0,0,0,0.081968,0,0
0,0.124928,0,0.014938,0,0.033092,0,0.050494,0,0.24201,0,0.443215,0,0.002366,0,0,0,0.083179,0,0
0,0.175397,0,0.106907,0,0.080217,0,0.017181,0,0.298441,0,0.364513,0,0.00023,0,0,0,0.089179,0,0
0,0.044149,0,0.007443,0,0.041811,0,0.048141,0,0.261275,0,0.478328,0,0.002793,0,0,0,0.09182,0,0
0,0.14691,0,0.022225,0,0.041078,0,0.157152,0,0.264428,0,0.472534,0,0.000329,0,0,0,0.094637,0,0
0,0.039688,0,0.021184,0,0.041452,0,0.076644,0,0.25305,0,0.441808,0,0.000296,0,0,0,0.095791,0,0
0,0.031787,0,0.013324,0,0.042341,0,0.080067,1,0.014596,0,0,0,0,0,0,0,0,0,0
0,0.075388,0,0.011138,0,0.035663,0,0.07259,0,0.248027,0,0.406785,0,0.000854,0,0,0,0.094648,0,0
0,0.100167,0,0.007287,0,0.040798,0,0.053602,0,0.257126,0,0.511215,0,0.00023,0,0,0,0.091396,0,0
0,0.066595,0,0.005933,0,0.040736,0,0.026738,0,0.252397,0,0.474506,0,0.000263,0,0,0,0.084927,0,0
0,0.089711,0,0.028835,0,0.041102,0,0.09729,0,0.255764,0,0.44189,0,0.00023,0,0,0,0.092715,0,0
0,0.113161,0,0.008067,0,0.050693,0,0.061185,0,0.253922,0,0.430409,0,0.000296,0,0,0,0.108598,0,0
0,0.068547,0,0.00916,0,0.040938,0,0.203214,0,0.256746,0,0.369832,0,0.000361,0,0,0,0.094098,0,0
0,0.139046,0,0.015302,0,0.033497,0,0.102016,0,0.253607,0,0.42973,0,0.000263,0,0,0,0.090409,0,0
0,0.158676,0,0.01525,0,0.040455,0,0.06297,1,0.105031,0,0,0,0,0,0,0,0,0,0
0,0.066094,0,0.008536,0,0.04065,0,0.065196,0,0.257482,0,0.413381,0,0.000263,0,0,0,0.087946,0,0
0,0.063314,0,0.003123,0,0.040681,0,0.027998,0,0.257574,0,0.44184,0,0.00023,0,0,1,0.058948,0,0
0,0.071838,0,0.005673,0,0.0482,0,0.05669,0,0.253871,0,0.366755,0,0.00023,0,0,0,0.104154,0,0
0,0.120699,0,0.015875,0,0.040969,0,0.102647,0,0.254654,0,0.379708,0,0.00023,0,0,0,0.096888,0,0
0,0.066828,0,0.006818,0,0.041499,0,0.038479,0,0.257811,0,0.430875,0,0.000197,0,0,0,0.107768,0,0
0,0.154513,0,0.01525,0,0.040821,0,0.025688,0,0.260451,0,0.389356,0,0.000197,0,0,0,0.103669,0,0
0,0.069096,0,0.005829,0,0.040704,0,0.022096,0,0.2585,0,0.372368,0,0.001906,0,0,0,0.102932,0,0
0,0.139018,0,0.004476,0,0.040962,0,0.030981,0,0.26059,0,0.404985,0,0.000263,0,0,0,0.101429,0,0
0,0.119072,0,0.005465,0,0.04111,0,0.025646,0,0.252339,0,0.412145,0,0.002924,0,0,0,0.097345,0,0
0,0.07536,0,0.003956,0,0.040954,0,0.023041,0,0.259974,0,0.392825,0,0.002727,0,0,0,0.106347,0,0
0,0.020309,0,0.002186,0,0.041164,0,0.082756,1,0.079401,0,0,0,0,0,0,0,0,0,0
0,0.034297,0,0.146359,0,0.041289,0,0.037114,0,0.263823,0,0.413446,0,0.00023,0,0,0,0.096815,0,0
0,0.125699,0,0.004528,0,0.035406,0,0.021109,0,0.229646,0,0.438788,0,0.00023,0,0,0,0.101465,0,0
0,0.105567,0,0.023682,0,0.040502,0,0.085927,0,0.257023,0,0.473475,0,0.00023,0,0,0,0.10135,0,0
0,0.093466,0,0.064279,0,0.040517,0,0.028733,0,0.258648,0,0.421866,0,0.001084,0,0,0,0.102893,0,0
0,0.098141,0,0.007026,0,0.040408,0,0.035686,0,0.258107,0,0.415565,0,0.00023,0,0,0,0.101417,0,0
0,0.101348,0,0.13163,0,0.04072,0,0.065532,0,0.255283,0,0.430368,0,0.000789,0,0,0,0.103917,0,0
0,0.108783,0,0.004476,0,0.04079,0,0.025562,0,0.25611,0,0.412824,0,0.00023,0,0,0,0.106327,0,0
0,0.043331,0,0.007391,0,0.041195,0,0.057089,1,0.09893,0,0,0,0,0,0,0,0,0,0
0,0.049456,0,0.015927,0,0.041873,0,0.084961,0,0.26332,0,0.428216,0,0.00023,0,0,0,0.099848,0,0
0,0.117873,0,0.00458,0,0.040704,0,0.041378,0,0.255411,0,0.430875,0,0.000296,0,0,0,0.104435,0,0
0,0.074152,0,0.005205,0,0.040689,0,0.02029,0,0.256948,0,0.405795,0,0.000296,0,0,0,0.099694,0,0
0,0.018208,0,0.005361,0,0.033123,0,0.05314,0,0.247759,0,0.448149,0,0.00023,0,0,0,0.098671,0,0
0,0.097388,0,0.111383,0,0.041554,0,0.061143,0,0.257114,0,0.439877,0,0.00023,0,0,0,0.104049,0,0
0,0.072023,0,0.009056,0,0.043564,0,0.081832,0,0.260586,0,0.43698,0,0.000296,0,0,0,0.111021,0,0
0,0.223701,0,0.075626,0,0.043143,0,0.031212,0,0.264828,0,0.407407,0,0.00023,0,0,0,0.120112,0,0
0,0.081197,0,0.014469,0,0.041616,0,0.053749,0,0.268836,0,0.428314,0,0.000394,0,0,0,0.112378,0,0
0,0.085361,0,0.011711,0,0.041881,0,0.05627,0,0.262304,0,0.452552,0,0.000329,0,0,0,0.101986,0,0
0,0.089878,0,0.023786,0,0.041998,0,0.083071,0,0.260613,0,0.404551,0,0.00023,0,0,0,0.097276,0,0
0,0.114676,0,0.298496,0,0.049073,0,0.195778,0,0.301773,0,0.46206,0,0.000329,0,0,0,0.124677,0,0
0,0.094544,0,0.169521,0,0.041063,0,0.085171,0,0.29727,0,0.391221,0,0.000263,0,0,0,0.121948,0,0
0,0.073873,0,0.011346,0,0.078432,0,0.15606,0,0.449338,0,0.469294,0,0.000263,0,0,0,0.116327,0,0
0,0.096087,0,0.011971,0,0.041156,0,0.058706,0,0.404036,0,0.464401,0,0.000263,0,0,0,0.118912,0,0
0,0.066558,0,0.004736,0,0.040759,0,0.053938,0,0.294069,0,0.422824,0,0.002596,0,0,0,0.119157,0,0
0,0.062125,0,0.004424,0,0.040806,0,0.043058,0,0.298521,0,0.408921,0,0.000296,0,0,0,0.114098,0,0
0,0.04717,0,0.013637,0,0.041476,0,0.044549,0,0.307346,0,0.40451,0,0.000296,0,0,0,0.117943,0,0
0,0.080556,0,0.008588,0,0.040432,0,0.046188,0,0.296021,0,0.37569,0,0.000296,0,0,0,0.114749,0,0
0,0.139362,0,0.010566,0,0.040767,0,0.042869,0,0.292037,0,0.408495,0,0.00023,0,0,0,0.108405,0,0
0,0.056929,0,0.004997,0,0.040517,0,0.02825,0,0.297251,0,0.363719,0,0.000493,0,0,0,0.113367,0,0
0,0.128953,0,0.036538,0,0.040252,0,0.205062,0,0.294611,0,0.404003,0,0.000263,0,0,0,0.124559,0,0
0,0.07035,0,0.011294,0,0.040782,0,0.045936,0,0.294461,0,0.391958,0,0.000329,0,0,0,0.109945,0,0
0,0.122418,0,0.005725,0,0.040689,0,0.022894,0,0.301263,0,0.410688,0,0.00023,0,0,0,0.113685,0,0
0,0.084934,0,0.006766,0,0.040556,0,0.027011,0,0.296199,0,0.538095,0,0.00023,0,0,0,0.107988,0,0
0,0.157487,0,0.021652,0,0.041639,0,0.147763,0,0.296735,0,0.44846,0,0.000197,0,0,0,0.106903,0,0
0,0.042188,0,0.007651,0,0.049213,0,0.057866,0,0.295064,0,0.446668,0,0.000197,0,0,0,0.120963,0,0
0,0.070759,0,0.011451,0,0.040938,0,0.060008,0,0.292482,0,0.443109,0,0.000854,0,0,0,0.106444,0,0
0,0.091161,0,0.014053,0,0.041336,0,0.07532,0,0.293435,0,0.45085,0,0.00023,0,0,0,0.111944,0,0
0,0.173046,0,0.007911,0,0.071178,0,0.038773,0,0.290846,0,0.406793,0,0.001051,0,0,0,0.112251,0,0
0,0.201896,0,0.01957,0,0.041491,0,0.063831,0,0.304011,0,0.437577,0,0.00023,0,0,0,0.119305,0,0
0,0.037689,0,0.069953,0,0.049813,0,0.037261,0,0.29355,0,0.454868,0,0.00023,0,0,0,0.123479,0,0
0,0.084357,0,0.020923,0,0.040478,0,0.112644,0,0.289164,0,0.416482,0,0.000263,0,0,0,0.120077,0,0
0,0.075806,0,0.001822,0,0.04058,0,0.028082,0,0.293075,0,0.40487,0,0.000263,0,0,0,0.113811,0,0
0,0.044995,0,0.006922,0,0.041468,0,0.039803,0,0.294922,0,0.47368,0,0.00023,0,0,0,0.110425,0,0
0,0.178158,0,0.300474,0,0.040884,0,0.300462,0,0.294748,0,0.441129,0,0.000296,0,0,0,0.110709,0,0
0,0.080481,0,0.006298,0,0.179687,0,0.027494,0,0.294836,0,0.456643,0,0.000263,0,0,0,0.109419,0,0
0,0.136193,0,0.014678,0,0.04111,0,0.069334,0,0.299812,0,0.458599,0,0.000296,0,0,0,0.114074,0,0
0,0.088084,0,0.023526,0,0.041476,0,0.080781,1,0.190345,0,0,0,0,0,0,0,0,0,0
0,0.020838,0,0.010618,0,0.04132,0,0.049338,0,0.292966,0,0.360536,0,0.000296,0,0,0,0.125552,0,0
0,0.081011,0,0.017696,0,0.048605,0,0.057572,0,0.300281,0,0.407595,0,0.000263,0,0,0,0.127896,0,0
0,0.031081,0,0.012179,0,0.044024,0,0.042491,0,0.296105,0,0.436693,0,0.00023,0,0,0,0.125551,0,0
0,0.069031,0,0.096289,0,0.040463,0,0.054127,0,0.298162,0,0.440564,0,0.00023,0,0,0,0.127645,0,0
0,0.059253,0,0.009993,0,0.042847,0,0.03451,0,0.29714,0,0.391778,0,0.000296,0,0,0,0.129346,0,0
0,0.104638,0,0.195493,0,0.041078,0,0.057425,0,0.286271,0,0.421711,0,0.00046,0,0,0,0.131903,0,0
0,0.031592,0,0.016759,0,0.041928,0,0.066478,0,0.28722,0,0.396786,0,0.000296,0,0,0,0.115129,0,0
0,0.08814,0,0.017592,0,0.041156,0,0.117307,0,0.311786,0,0.394945,0,0.000263,0,0,0,0.140566,0,0
0,0.077888,0,0.017176,0,0.493813,0,0.08326,0,0.475611,0,0.419264,0,0.000263,0,0,0,0.110639,0,0
0,0.16799,0,0.013376,0,0.040471,0,0.020563,0,0.515201,0,0.425499,0,0.000296,0,0,0,0.110693,0,0
0,0.033637,0,0.015614,0,0.041787,0,0.150662,0,0.301768,0,0.484252,0,0.000526,0,0,0,0.122564,0,0
0,0.131341,0,0.014053,0,0.047795,0,0.04037,0,0.287336,0,0.443927,0,0.000296,0,0,0,0.112667,0,0
0,0.023385,0,0.002915,0,0.041164,0,0.040475,0,0.294794,0,0.392613,0,0.000197,0,0,0,0.115279,0,0
0,0.043852,0,0.151044,0,0.109662,0,0.17574,1,0.033476,0,0,0,0,0,0,0,0,0,0
0,0.137429,0,0.246031,0,0.041772,0,0.058937,0,0.298609,0,0.418225,0,0.000329,0,0,0,0.119585,0,0
0,0.024333,0,0.013897,0,0.041717,0,0.11422,0,0.305423,0,0.411711,0,0.000296,0,0,0,0.122639,0,0
0,0.084655,0,0.04065,0,0.040829,0,0.175362,0,0.296828,0,0.431677,0,0.000263,0,0,0,0.119168,0,0
0,0.085659,0,0.0559,0,0.04319,0,0.088994,1,0.023764,0,0,0,0,0,0,0,0,0,0
0,0.066558,0,0.11742,0,0.042863,0,0.041966,0,0.294276,0,0.397293,0,0.00046,0,0,0,0.12708,0,0
0,0.074189,0,0.009421,0,0.0416,0,0.065679,0,0.298585,0,0.473074,0,0.000296,0,0,0,0.112651,0,0
0,0.026601,0,0.01119,0,0.041561,0,0.132472,0,0.298763,0,0.375322,0,0.000296,0,0,0,0.114029,0,0
0,0.052858,0,0.013012,0,0.041484,0,0.053119,0,0.295612,0,0.42554,0,0.000329,0,0,0,0.11952,0,0
0,0.096589,0,0.128611,0,0.179095,0,0.04686,0,0.304648,0,0.505127,0,0.000329,0,0,0,0.113028,0,0
0,0.026824,0,0.014053,0,0.04432,0,0.024911,0,0.304937,0,0.409175,0,0.000263,0,0,0,0.127392,0,0
0,0.117688,0,0.013897,0,0.25861,0,0.067822,0,0.306416,0,0.435859,0,0.000263,0,0,0,0.129082,0,0
0,0.050274,0,0.016812,0,0.04259,0,0.054925,0,0.301176,0,0.486363,0,0.000296,0,0,0,0.120135,0,0
0,0.074449,0,0.02415,0,0.040759,0,0.051061,0,0.293179,0,0.432848,0,0.00023,0,0,0,0.115472,0,0
0,0.072154,0,0.011451,0,0.059701,0,0.020794,0,0.306259,0,0.420712,0,0.000329,0,0,0,0.128881,0,0
0,0.062813,0,0.02592,0,0.053795,0,0.044381,0,0.296501,0,0.509046,0,0.000887,0,0,0,0.114039,0,0
0,0.108374,0,0.103784,0,0.045052,0,0.041315,0,0.307629,0,0.490316,0,0.00023,0,0,0,0.12088,0,0
0,0.094572,0,0.007651,0,0.042154,0,0.026234,0,0.300784,0,0.434206,0,0.00023,0,0,0,0.132839,0,0
0,0.090566,0,0.123354,0,0.048582,0,0.038269,0,0.307176,0,0.476503,0,0.000263,0,0,0,0.132058,0,0
0,0.057728,0,0.033259,0,0.040463,0,0.137723,0,0.297872,0,0.397465,0,0.000197,0,0,0,0.116516,0,0
0,0.088531,0,0.070369,0,0.040603,0,0.018862,0,0.303896,0,0.369889,0,0.00023,0,0,0,0.126676,0,0
0,0.098699,0,0.182116,0,0.040923,0,0.049443,0,0.301311,0,0.400231,0,0.00023,0,0,0,0.133135,0,0
0,0.075193,0,0.010201,0,0.040681,0,0.03451,0,0.291248,0,0.463615,0,0.000329,0,0,0,0.15228,0,0
0,0.12029,0,0.013272,0,0.041858,0,0.045726,0,0.306465,0,0.413642,0,0.000296,0,0,0,0.161061,0,0
0,0.09605,0,0.029147,0,0.040923,0,0.088259,0,0.295978,0,0.412358,0,0.000263,0,0,0,0.133084,0,0
0,0.125114,0,0.010826,0,0.040673,0,0.081811,0,0.305291,0,0.456594,0,0.000263,0,0,1,0.339618,0,0
0,0.115169,0,0.008276,0,0.041304,0,0.051292,0,0.294615,0,0.476937,0,0.000263,0,0,1,0.528466,0,0
0,0.090752,0,0.007131,0,0.040852,0,0.015816,0,0.306181,0,0.385125,0,0.000263,0,0,1,0.43133,0,0
0,0.081457,0,0.059023,0,0.25727,0,0.037534,0,0.309141,0,0.49552,0,0.000296,0,0,0,0.1784,0,0
0,0.069347,0,0.489721,0,0.046572,0,0.025184,0,0.299746,0,0.434558,0,0.000329,0,0,0,0.317053,0,0
0,0.075146,0,0.012283,0,0.041943,0,0.020164,0,0.306377,0,0.426309,0,0.00046,0,0,0,0.324235,0,0
0,0.065173,0,0.017072,0,0.041032,0,0.016887,0,0.303256,0,0.412325,0,0.000263,0,0,0,0.259496,0,0
0,0.163296,0,0.00812,0,0.041741,0,0.026087,0,0.303377,0,0.415893,0,0.000263,0,0,0,0.118775,0,0
0,0.079598,0,0.340238,0,0.047826,0,0.057908,0,0.300881,0,0.387547,0,0.000263,0,0,0,0.119164,0,0
0,0.064513,0,0.004632,0,0.042964,0,0.025247,0,0.305112,0,0.494325,0,0.000263,0,0,0,0.126032,0,0
0,0.086885,0,0.278457,0,0.05127,0,0.106133,0,0.306448,0,0.46391,0,0.00184,0,0,0,0.126079,0,0
0,0.063723,0,0.008224,0,0.043206,0,0.025226,0,0.310128,0,0.380428,0,0.000296,0,0,0,0.130826,0,0
0,0.06271,0,0.113465,0,0.064041,0,0.015984,0,0.304931,0,0.512123,0,0.000296,0,0,0,0.120765,0,0
0,0.106878,0,0.008952,0,0.040432,0,0.017832,0,0.297904,0,0.373497,0,0.000263,0,0,0,0.113349,0,0
0,0.05376,0,0.042731,0,0.043073,0,0.062046,0,0.304032,0,0.582021,0,0.000296,0,0,0,0.112455,0,0
0,0.082294,0,0.032114,0,0.042341,0,0.049023,0,0.308796,0,0.432659,0,0.000296,0,0,0,0.117866,0,0
0,0.046305,0,0.012596,0,0.057963,0,0.032745,0,0.297604,0,0.419616,0,0.001051,0,0,0,0.115157,0,0
0,0.120513,0,0.025139,0,0.043393,0,0.037366,0,0.30067,0,0.525862,0,0.000296,0,0,0,0.11078,0,0
0,0.072535,0,0.006714,0,0.040549,0,0.015522,0,0.314651,0,0.434132,0,0.000329,0,0,0,0.122554,0,0
0,0.066856,0,0.006558,0,0.048753,0,0.019009,0,0.319616,0,0.381017,0,0.000263,0,0,0,0.12478,0,0
0,0.022818,0,0.01041,0,0.041445,0,0.040643,0,0.311019,0,0.505454,0,0.000263,0,0,0,0.121566,0,0
0,0.327456,0,0.020611,0,0.040884,0,0.242512,0,0.303256,0,0.405615,0,0.000296,0,0,0,0.123278,0,0
0,0.135514,0,0.016395,0,0.042738,0,0.044886,0,0.295136,0,0.454688,0,0.000329,0,0,0,0.114164,0,0
0,0.071577,0,0.016655,0,0.054114,0,0.03577,0,0.307456,0,0.456005,0,0.000263,0,0,0,0.12822,0,0
0,0.077675,0,0.017905,0,0.078167,0,0.068872,0,0.37603,0,0.416605,0,0.000296,0,0,0,0.106307,0,0
0,0.113802,0,0.023161,0,0.044452,0,0.045348,0,0.40518,0,0.42707,0,0.000263,0,0,0,0.110288,0,0
0,0.097156,0,0.019674,0,0.076469,0,0.072947,0,1,0,0.439247,0,0.000263,0,0,0,0.115084,0,0
0,0.106534,0,0.027169,0,0.047577,0,0.050956,0,0.668363,0,0.36862,0,0.000263,0,0,0,0.10874,0,0
0,0.025504,0,0.01525,0,0.042676,0,0.054862,0,0.638726,0,0.438044,0,0.000493,0,0,0,0.104955,0,0
0,0.119017,0,0.00812,0,0.001636,0,0.096156,1,0.455577,0,0,0,0,0,0,0,0,0,0
0,0.098466,0,0.018373,0,0.041117,0,0.090569,0,0.354596,0,0.532883,0,0.000296,0,0,0,0.105997,0,0
0,0.061976,0,0.014469,0,0.004457,0,0.056018,0,0.312878,0,0.410361,0,0.000296,0,0,0,0.118071,0,0
0,0.110726,0,0.012231,0,0.00201,0,0.026801,0,0.317186,0,0.444083,0,0.000263,0,0,0,0.109055,0,0
0,0.070462,0,0.006714,0,0.001753,0,0.020038,0,0.316015,0,0.380977,0,0.001971,0,0,0,0.110301,0,0
0,0.105084,0,0.009733,0,0.002221,0,0.040118,0,0.309979,0,0.451169,0,0.002694,0,0,0,0.108382,0,0
0,0.086895,0,0.018425,0,0.001839,0,0.048246,0,0.309713,0,0.464163,0,0.000329,0,0,0,0.106455,0,0
0,0.157338,0,0.007443,0,0.001473,0,0.037177,0,0.308501,0,0.412873,0,0.000329,0,0,0,0.104688,0,0
0,0.194535,0,0.015302,0,0.001387,0,0.051943,0,0.311976,0,0.478958,0,0.015771,0,0,0,0.122283,0,0
0,0.146659,0,0.083381,0,0.014571,0,0.085339,0,0.318533,0,0.436129,0,0.002924,0,0,0,0.106344,0,0
0,0.168631,0,0.026961,0,0.001699,0,0.127452,0,0.312853,0,0.399642,0,0.000263,0,0,0,0.116649,0,0
0,0.023543,0,0.009004,0,0.002018,0,0.01924,0,0.304195,0,0.408921,0,0.000296,0,0,0,0.104713,0,0
0,0.135013,0,0.012127,0,0.001636,0,0.020731,0,0.31239,0,0.420483,0,0.000329,0,0,0,0.102402,0,0
0,0.103625,0,0.015823,0,0.003132,0,0.024911,0,0.313816,0,0.404928,0,0.000263,0,0,0,0.107405,0,0
0,0.113477,0,0.017332,0,0.001761,0,0.03682,1,0.05618,0,0,0,0,0,0,0,0,0,0
0,0.107649,0,0.017592,0,0.001395,0,0.19874,0,0.34387,0,0.39767,0,0.006736,0,0,0,0.120092,0,0
0,0.264086,0,0.011919,0,0.003405,0,0.032934,0,0.32806,0,0.407203,0,0.000296,0,0,0,0.106074,0,0
0,0.118496,0,0.020767,0,0.003873,0,0.059252,0,0.334482,0,0.405059,0,0.001709,0,0,0,0.122129,0,0
0,0.037085,0,0.01119,0,0.002096,0,0.091871,0,0.33549,0,0.413274,0,0.000296,0,0,0,0.112471,0,0
0,0.038554,0,0.008952,0,0.006109,0,0.0431,0,0.324028,0,0.483573,0,0.000329,0,0,1,0.038166,0,0
0,0.100307,0,0.055223,0,0.013932,0,0.061794,0,0.340038,0,0.406761,0,0.000427,0,0,0,0.111569,0,0
0,0.121247,0,0.004476,0,0.004161,0,0.038395,0,0.32322,0,0.471847,0,0.000329,0,0,0,0.11608,0,0
0,0.086133,0,0.016135,0,0.006763,0,0.174438,0,0.148802,0,0.455669,0,0.000263,0,0,0,0.070267,0,0
0,0.24137,0,0.009785,0,0.001699,0,0.022894,0,0.147183,0,0.430597,0,0.000329,0,0,0,0.065293,0,0
0,0.035961,0,0.008692,0,0.002525,0,0.108738,0,0.147224,0,0.445457,0,0.000296,0,0,0,0.070022,0,0
0,0.022827,0,0.008692,0,0.002314,0,0.113148,0,0.144817,0,0.397375,0,0.000263,0,0,0,0.070968,0,0
0,0.02438,0,0.009265,0,0.002104,0,0.019807,0,0.147937,0,0.375306,0,0.000263,0,0,0,0.071217,0,0
0,0.085277,0,0.007495,0,0.004044,0,0.035917,0,0.146636,0,0.504652,0,0.000361,0,0,0,0.080543,0,0
0,0.109964,0,0.012596,0,0.004457,0,0.023987,0,0.149737,0,0.4309,0,0.00069,0,0,0,0.080302,0,0
0,0.088967,0,0.010149,0,0.001964,0,0.027641,0,0.156626,0,0.4259,0,0.000263,0,0,0,0.07246,0,0
0,0.097658,0,0.009629,0,0.001332,0,0.099706,0,0.147138,0,0.38434,0,0.000296,0,0,0,0.074886,0,0
0,0.106134,0,0.003435,0,0.001761,0,0.023188,0,0.144239,0,0.396712,0,0.000263,0,0,0,0.067963,0,0
0,0.099098,0,0.010826,0,0.004714,0,0.089897,0,0.146886,0,0.490839,0,0.000361,0,0,0,0.075705,0,0
0,0.099888,0,0.013324,0,0.001886,0,0.045705,0,0.148755,0,0.453149,0,0.000263,0,0,0,0.068202,0,0
0,0.08287,0,0.009421,0,0.001418,0,0.025793,0,0.144837,0,0.441521,0,0.000263,0,0,0,0.064877,0,0
0,0.16482,0,0.00916,0,0.001706,0,0.022075,0,0.143449,0,0.397931,0,0.000263,0,0,0,0.065385,0,0
0,0.105725,0,0.041951,0,0.004862,0,0.042512,0,0.144792,0,0.767894,0,0.000296,0,0,0,0.067563,0,0
0,0.099489,0,0.02186,0,0.001332,0,0.127053,0,0.142426,0,0.419076,0,0.000263,0,0,0,0.065705,0,0
0,0.094842,0,0.0216,0,0.00561,0,0.0841,0,0.153551,0,0.404543,0,0.001314,0,0,0,0.0674,0,0
0,0.069718,0,0.00661,0,0.001364,0,0.015711,0,0.142659,0,0.389364,0,0.000197,0,0,0,0.065817,0,0
0,0.108588,0,0.007131,0,0.001714,0,0.043793,0,0.143966,0,0.392563,0,0.000263,0,0,0,0.077543,0,0
0,0.073715,0,0.008067,0,0.001418,0,0.065469,0,0.143982,0,0.451545,0,0.000296,0,0,0,0.072039,0,0
0,0.067181,0,0.007599,0,0.001364,0,0.016173,1,0.095818,0,0,0,0,0,0,0,0,0,0
0,0.102463,0,0.014678,0,0.001208,0,0.020605,0,0.144949,0,0.397931,0,0.00023,0,0,0,0.070274,0,0
0,0.106701,0,0.008484,0,0.001488,0,0.142092,0,0.144977,0,0.434157,0,0.000296,0,0,0,0.068832,0,0
0,0.146073,0,0.025243,0,0.006935,0,0.08431,0,0.14158,0,0.44153,0,0.000591,0,0,0,0.07538,0,0
0,0.161809,0,0.023005,0,0.002712,0,0.149065,0,0.15239,0,0.405116,0,0.000263,0,0,0,0.075081,0,0
0,0.077851,0,0.008328,0,0.001566,0,0.029133,0,0.141891,0,0.404355,0,0.000263,0,0,0,0.067263,0,0
0,0.113068,0,0.015979,0,0.003732,0,0.029847,0,0.139322,0,0.439623,0,0.000329,0,0,0,0.069305,0,0
0,0.09684,0,0.016603,0,0.004831,0,0.028439,0,0.15327,1,0.094888,0,0,0,0,0,0,0,0
0,0.075314,0,0.009213,0,0.001332,0,0.017349,0,0.143127,0,0.373416,0,0.000559,0,0,0,0.07982,0,0
0,0.12293,0,0.111903,0,0.010909,0,0.044402,0,0.159265,0,0.405779,0,0.000361,0,0,0,0.075068,0,0
0,0.038433,0,0.014834,0,0.004683,0,0.081453,0,0.14093,0,0.411065,0,0.000296,0,0,0,0.070768,0,0
0,0.125792,0,0.07828,0,0.010675,0,0.073913,0,0.168833,0,0.394699,0,0.001019,0,0,0,0.089411,0,0
0,0.078613,0,0.010358,0,0.001457,0,0.023756,0,0.154726,0,0.391647,0,0.000263,0,0,0,0.076826,0,0
0,0.069625,0,0.008276,0,0.004652,0,0.059021,0,0.160694,0,0.416572,0,0.00023,0,0,0,0.088409,0,0
0,0.065452,0,0.00609,0,0.002439,0,0.011321,0,0.157171,0,0.391991,0,0.000296,0,0,0,0.079678,0,0
0,0.019983,0,0.009941,0,0.00434,0,0.030036,0,0.151872,0,0.408324,0,0.000329,0,0,0,0.076574,0,0
0,0.120736,0,0.010306,0,0.001457,0,0.071183,0,0.166316,0,0.42802,0,0.000197,0,0,0,0.086991,0,0
0,0.098243,0,0.013116,0,0.00173,0,0.073157,0,0.16656,0,0.385371,0,0.000263,0,0,0,0.082544,0,0
0,0.090352,0,0.030292,0,0.004021,0,0.085381,0,0.156616,0,0.636707,0,0.000296,0,0,0,0.084786,0,0
0,0.08551,0,0.010045,0,0.001675,0,0.25356,0,0.157442,0,0.438764,0,0.000789,0,0,0,0.080179,0,0
0,0.086737,0,0.008848,0,0.00166,0,0.075005,0,0.153295,0,0.407383,0,0.00023,0,0,0,0.074436,0,0
0,0.023329,0,0.005153,0,0.002151,0,0.407351,0,0.160182,0,0.410926,0,0.00023,0,0,0,0.079687,0,0
0,0.109648,0,0.005413,0,0.001262,0,0.020752,0,0.164479,0,0.394126,0,0.00023,0,0,0,0.083366,0,0
0,0.184989,0,0.043981,0,0.064181,0,0.094413,0,0.157252,0,0.445989,0,0.002004,0,0,0,0.081596,0,0
0,0.17167,0,0.014521,0,0.003241,0,0.020458,0,0.15745,0,0.493253,0,0.000329,0,0,0,0.077997,0,0
0,0.092862,0,0.018581,0,0.006249,0,0.030561,0,0.1546,0,0.431587,0,0.000427,0,0,0,0.080715,0,0
0,0.08999,0,0.007443,0,0.002517,0,0.033228,0,0.134545,0,0.436914,0,0.000296,0,0,0,0.057228,0,0
0,0.115373,0,0.014365,0,0.009163,0,0.050368,0,0.132997,0,0.377646,0,0.000296,0,0,0,0.058896,0,0
0,0.17694,0,0.016759,0,0.00293,0,0.117601,0,0.129852,0,0.428707,0,0.00023,0,0,0,0.055246,0,0
0,0.132243,0,0.012075,0,0.001808,0,0.029091,0,0.144728,0,0.385166,0,0.000296,0,0,0,0.061332,0,0
0,0.082164,0,0.010097,0,0.001426,0,0.025961,0,0.137074,0,0.428404,0,0.000263,0,0,0,0.060566,0,0
0,0.066437,0,0.036121,0,0.002174,0,0.134026,0,0.143204,0,0.411482,0,0.000361,0,0,0,0.058511,0,0
0,0.076736,0,0.007755,0,0.001543,0,0.07112,0,0.142134,0,0.454458,0,0.000329,0,0,0,0.062219,0,0
0,0.067497,0,0.006298,0,0.001301,0,0.018652,0,0.142218,0,0.414142,0,0.000296,0,0,0,0.059295,0,0
0,0.035347,0,0.004008,0,0.005135,0,0.020206,0,0.135363,0,0.36745,0,0.000296,0,0,0,0.066713,0,0
0,0.080454,0,0.009577,0,0.00148,0,0.029154,0,0.174604,0,0.410639,0,0.000197,0,0,0,0.058269,0,0
0,0.09289,0,0.011555,0,0.001465,0,0.021844,0,0.183245,0,0.597683,0,0.000329,0,0,0,0.064576,0,0
0,0.08551,0,0.008536,0,0.001138,0,0.014157,0,0.173077,0,0.392416,0,0.000263,0,0,0,0.065064,0,0
0,0.066382,0,0.005673,0,0.003647,0,0.017706,0,0.181807,0,0.382163,0,0.00023,0,0,0,0.068473,0,0
0,0.049466,0,0.012023,0,0.002221,0,0.023083,0,0.174992,0,0.425172,0,0.000296,0,0,0,0.05832,0,0
0,0.019156,0,0.007807,0,0.024653,0,0.051061,0,0.177325,0,0.37209,0,0.000263,0,0,0,0.06209,0,0
0,0.077349,0,0.056837,0,0.008719,0,0.07364,0,0.178616,0,0.461487,0,0.000427,0,0,0,0.06406,0,0
0,0.047449,0,0.022589,0,0.011703,0,0.058118,0,0.190847,0,0.444287,0,0.000329,0,0,0,0.06072,0,0
0,0.07496,0,0.009317,0,0.001784,0,0.021382,0,0.174451,0,0.436939,0,0.000296,0,0,0,0.056864,0,0
0,0.119593,0,0.008536,0,0.001652,0,0.041273,0,0.173696,0,0.429484,0,0.000263,0,0,0,0.058652,0,0
0,0.0386,0,0.009421,0,0.002182,0,0.033249,0,0.1702,0,0.485856,0,0.000296,0,0,0,0.069197,0,0
0,0.090743,0,0.006766,0,0.045785,0,0.01987,0,0.187363,0,0.365012,0,0.000329,0,0,0,0.063819,0,0
0,0.085352,0,0.009733,0,0.001652,0,0.038395,0,0.187098,0,0.47877,0,0.000394,0,0,0,0.063554,0,0
0,0.150144,0,0.013428,0,0.012397,0,0.05564,1,0.384909,0,0,0,0,0,0,0,0,0,0
0,0.077675,0,0.011346,0,0.00226,0,0.072632,0,0.567642,0,0.390583,0,0.000263,0,0,0,0.06127,0,0
0,0.331955,0,0.028939,0,0.002688,0,0.049107,0,0.237229,0,0.398823,0,0.00023,0,0,0,0.061611,0,0
0,0.080677,0,0.007963,0,0.030614,0,0.032556,0,0.342411,0,0.496379,0,0.000329,0,0,0,0.062275,0,0
0,0.042811,0,0.012075,0,0.040829,0,0.038563,0,0.433649,0,0.40528,0,0.000263,0,0,0,0.063578,0,0
0,0.106041,0,0.013741,0,0.004761,0,0.080151,0,0.217906,0,0.442176,0,0.000361,0,0,0,0.069168,0,0
0,0.062115,0,0.023994,0,0.012818,0,0.050305,0,0.344007,0,0.397449,0,0.000296,0,0,0,0.063165,0,0
0,0.122121,0,0.022797,0,0.008672,0,0.042008,0,0.31556,0,0.387105,0,0.000263,0,0,0,0.059445,0,0
0,0.103922,0,0.020507,0,0.001714,0,0.023293,0,0.46503,0,0.407145,0,0.000296,0,0,0,0.062112,0,0
0,0.231732,0,0.010149,0,0.001792,0,0.025772,1,0.105122,0,0,0,0,0,0,0,0,0,0
0,0.104359,0,0.02389,0,0.06542,0,0.041609,0,0.332063,0,0.39024,0,0.000789,0,0,0,0.06257,0,0
0,0.095455,0,0.013116,0,0.005969,0,0.025898,1,0.624453,0,0,0,0,0,0,0,0,0,0
0,0.085547,0,0.010462,0,0.003787,0,0.016068,1,0.339877,0,0,0,0,0,0,0,0,0,0
0,0.199554,0,0.118045,0,0.010573,0,0.0343,0,0.681306,0,0.393398,0,0.00023,0,0,0,0.067227,0,0
0,0.023116,0,0.012804,0,0.001878,0,0.019366,0,0.332537,0,0.419894,0,0.00023,0,0,0,0.066095,0,0
0,0.104805,0,0.009525,0,0.001566,0,0.017664,0,0.172339,0,0.44459,0,0.00023,0,0,0,0.063357,0,0
0,0.108616,0,0.012856,0,0.003241,0,0.027956,0,0.187452,0,0.422472,0,0.000329,0,0,0,0.064696,0,0
0,0.179366,0,0.121272,0,0.068607,0,0.036505,0,0.182619,0,0.408962,0,0.000296,0,0,0,0.067332,0,0
0,0.19657,0,0.008067,0,0.187471,0,0.043331,0,0.34685,0,0.47161,0,0.000263,0,0,0,0.06112,0,0
0,0.083772,0,0.012075,0,0.001613,0,0.049023,0,0.170936,0,0.411949,0,0.000329,0,0,0,0.05985,0,0
0,0.031313,0,0.013064,0,0.002751,0,0.025814,0,0.162092,0,0.433183,0,0.000263,0,0,0,0.064212,0,0
0,0.09289,0,0.011451,0,0.002182,0,0.101785,0,0.156242,0,0.371133,0,0.000493,0,0,0,0.06362,0,0
0,0.090901,0,0.008536,0,0.001473,0,0.132346,0,0.170715,0,0.409543,0,0.000427,0,0,0,0.060474,0,0
0,0.106599,0,0.009004,0,0.007091,0,0.027998,0,0.172866,0,0.401687,0,0.000329,0,0,0,0.07388,0,0
0,0.080045,0,0.126737,0,0.027575,0,0.034068,0,0.180352,0,0.38452,0,0.00046,0,0,0,0.062188,0,0
0,0.174068,0,0.013845,0,0.00201,0,0.020752,0,0.167036,0,0.460244,0,0.000361,0,0,0,0.059079,0,0
0,0.026796,0,0.006974,0,0.001379,0,0.039214,0,0.18099,0,0.400943,0,0.000329,0,0,0,0.073409,0,0
0,0.035282,0,0.021132,0,0.01154,0,0.035413,0,0.170205,0,0.413372,0,0.000329,0,0,0,0.060728,0,0
0,0.13096,0,0.016135,0,0.001956,0,0.095211,0,0.177371,0,0.410918,0,0.000329,0,0,0,0.06289,0,0
0,0.074663,0,0.041482,0,0.004737,0,0.024302,0,0.173425,0,0.391737,0,0.000296,0,0,0,0.065172,0,0
0,0.116005,0,0.095456,0,0.019495,0,0.085423,0,0.16828,0,0.376378,0,0.000263,0,0,0,0.061834,0,0
0,0.094507,0,0.007703,0,0.002034,0,0.051082,0,0.170032,0,0.37596,0,0.000263,0,0,0,0.063025,0,0
0,0.047969,0,0.013012,0,0.002493,0,0.17656,0,0.145401,0,0.407211,0,0.000263,0,0.103419,0,0.05705,0,0
0,0.088902,0,0.053193,0,0.011999,0,0.024491,0,0.150444,0,0.401548,0,0.000329,0,0.219373,0,0.066944,0,0
0,0.094767,0,0.761047,0,0.181978,0,0.03096,0,0.145879,0,0.425328,0,0.000329,0,0.145016,0,0.072291,0,0
0,0.127819,0,0.022329,0,0.001496,0,0.02405,0,0.148601,0,0.43428,0,0.000263,0,0.094509,0,0.065663,0,0
0,0.019082,0,0.01525,0,0.00194,0,0.158832,0,0.142688,0,0.40055,0,0.00023,0,0.112106,0,0.059676,0,0
0,0.106097,0,0.022433,0,0.002002,0,0.038143,0,0.152846,0,0.424427,0,0.000361,0,0.095134,0,0.0627,0,0
0,0.209397,0,0.126477,0,0.043058,0,0.070174,0,0.153532,0,0.422226,0,0.000591,0,0.128934,0,0.056955,0,0
0,1,0,1,0,0.458719,0,0.324638,0,0.208675,0,0.459785,0,0.033941,0,1,0,0.151288,0,0
0,0.026815,0,0.016916,0,0.002345,0,0.033333,0,0.143342,0,0.398627,0,0.00023,0,0.085959,0,0.059773,0,0
0,0.04849,0,0.013637,0,0.003491,0,0.027725,0,0.147157,0,0.387695,0,0.00184,0,0.076144,0,0.0604,0,0
0,0.035291,0,0.020871,0,0.007036,0,0.021403,0,0.156711,0,0.394797,0,0.000263,0,0.077501,0,0.072533,0,0
0,0.024723,0,0.016812,0,0.003234,0,0.069523,1,0.17694,0,0,0,0,0,0,0,0,0,0
0,0.019314,0,0.019102,0,0.002189,0,0.062697,0,0.149621,0,0.38168,0,0.000329,0,0.072102,0,0.064388,0,0
0,0.077516,0,0.014521,0,0.001706,0,0.101323,0,0.154124,0,0.403569,0,0.000296,0,0.081141,0,0.057364,0,0
0,0.03175,0,0.030812,0,0.003405,0,0.258118,0,0.15103,0,0.428756,0,0.000296,0,0.091156,0,0.055719,0,0
0,0.120327,0,0.032894,0,0.055298,0,0.071414,0,0.158431,0,0.468508,0,0.000263,0,0.124756,0,0.058677,0,0
0,0.092555,0,0.015719,0,0.004691,0,0.049317,0,0.140761,0,0.473107,0,0.000329,0,0.113075,0,0.052182,0,0
0,0.08446,0,0.026753,0,0.002299,0,0.166352,0,0.142618,0,0.431538,0,0.000329,0,0.093389,0,0.053494,0,0
0,0.034408,0,0.033935,0,0.01436,0,0.068137,0,0.151105,0,0.443043,0,0.000296,0,0.088055,0,0.054349,0,0
0,0.036221,0,0.015823,0,0.001722,0,0.029469,0,0.145969,0,0.434877,0,0.000329,0,0.093059,0,0.057589,0,0
0,0.032196,0,0.019102,0,0.008275,0,0.196261,0,0.145402,0,0.438281,0,0.000361,0,0.085714,0,0.055709,0,0
0,0.029157,0,0.015198,0,0.004091,0,0.10252,0,0.148379,0,0.424976,0,0.000329,0,0.11174,0,0.060618,0,0
0,0.039056,0,0.022953,0,0.002774,0,0.027326,0,0.155714,0,0.40897,0,0.000263,0,0.085377,0,0.055362,0,0
0,0.061623,0,0.023318,0,0.005704,0,0.051859,0,0.143276,0,0.411548,0,0.000296,0,0.087237,0,0.05427,0,0
0,0.044558,0,0.028262,0,0.002766,0,0.013527,0,0.144867,0,0.407644,0,0.000329,0,0.081141,0,0.054286,0,0
0,0.12582,0,0.015927,0,0.258361,0,0.048372,0,0.147649,0,0.411016,0,0.00023,0,0.107576,0,0.056818,0,0
0,0.023441,0,0.0178,0,0.002369,0,0.053014,0,0.142643,0,0.38335,0,0.000263,0,0.070767,0,0.053378,0,0
0,0.035254,0,0.01702,0,0.002228,0,0.056984,0,0.15624,0,0.510928,0,0.000329,0,0.129379,0,0.063766,0,0
0,0.123664,0,0.010045,0,0.001745,0,0.016782,0,0.145428,0,0.436342,0,0.000263,0,0.104848,0,0.054294,0,0
0,0.043303,0,0.015354,0,0.002454,0,0.057236,0,0.147876,0,0.432545,0,0.000263,0,0.091487,0,0.055941,0,0
0,0.053555,0,0.023942,0,0.002447,0,0.078555,0,0.160064,0,0.499047,0,0.000263,0,0.109514,0,0.06992,0,0
0,0.059299,0,0.013012,0,0.001621,0,0.061227,0,0.147739,0,0.416899,0,0.000953,0,0.100052,0,0.057388,0,0
0,0.038507,0,0.023422,0,0.002267,0,0.068179,0,0.157851,0,0.446153,0,0.000296,0,0.09382,0,0.058994,0,0
0,0.015466,0,0.010097,0,0.002065,0,0.021949,0,0.147474,0,0.436219,0,0.000263,0,0.081787,0,0.056662,0,0
0,0.020513,0,0.010826,0,0.002041,0,0.034636,0,0.147082,0,0.412489,0,0.000296,0,0.091702,0,0.055585,0,0
0,0.027958,0,0.015614,0,0.002961,0,0.068074,0,0.143524,0,0.425917,0,0.000296,0,0.088227,0,0.053442,0,0
0,0.071336,0,0.022225,0,0.002517,0,0.03054,1,0.112766,0,0,0,0,0,0,0,0,0,0
0,0.032252,0,0.02847,0,0.003826,0,0.061059,0,0.147388,0,0.415434,0,0.000296,0,0.091925,0,0.053623,0,0
0,0.039018,0,0.020403,0,0.065763,0,0.012392,0,0.148289,0,0.516173,0,0.000493,0,0.115114,0,0.056448,0,0
0,0.024742,0,0.019882,0,0.00261,0,0.042155,0,0.152549,0,0.424346,0,0.000296,0,0.090108,0,0.069873,0,0
0,0.030821,0,0.024359,0,0.005446,0,0.022222,0,0.14368,0,0.344817,0,0.000263,0,0.090273,0,0.053512,0,0
0,0.062413,0,0.021548,0,0.008049,0,0.028397,0,0.144621,0,0.43833,0,0.000394,0,0.105034,0,0.063899,0,0
0,0.032206,0,0.020975,0,0.001605,0,0.084982,0,0.145216,0,0.417317,0,0.000296,0,0.081665,0,0.055036,0,0
0,0.065369,0,0.019882,0,0.003039,0,0.01359,0,0.149849,0,0.444123,0,0.000296,0,0.095407,0,0.054028,0,0
0,0.020857,0,0.015302,0,0.041141,0,0.025163,0,0.14323,0,0.401466,0,0.000263,0,0.077767,0,0.05308,0,0
0,0.032763,0,0.017332,0,0.002135,0,0.039593,0,0.157779,0,0.427169,0,0.000263,0,0.111295,0,0.060438,0,0
0,0.112074,0,0.021912,0,0.005922,0,0.020038,0,0.157392,0,0.4413,0,0.000296,0,0.112077,0,0.064809,0,0
0,0.02912,0,0.024775,0,0.0084,0,0.041735,0,0.158251,0,0.605227,0,0.000296,0,0.080545,0,0.067099,0,0
0,0.020894,0,0.011763,0,0.001535,0,0.025352,0,0.145043,0,0.407047,0,0.000263,0,0.082247,0,0.05523,0,0
0,0.036304,0,0.024202,0,0.002034,0,0.118357,0,0.150222,0,0.382139,0,0.000263,0,0.099477,0,0.05668,0,0
0,0.035505,0,0.016291,0,0.002236,0,0.046734,0,0.144385,0,0.433322,0,0.000296,0,0.108645,0,0.053055,0,0
0,0.023143,0,0.017332,0,0.002751,0,0.069439,0,0.149574,0,0.392392,0,0.00023,0,0.079526,0,0.055634,0,0
0,0.134288,0,0.017696,0,0.001239,0,0.163642,0,0.147094,0,0.379234,0,0.000263,0,0.080244,0,0.060699,0,0
0,0.087889,0,0.027273,0,0.005322,0,0.045537,0,0.143994,0,0.443043,0,0.000329,0,0.098817,0,0.056429,0,0
0,0.052338,0,0.024359,0,0.005026,0,0.005713,0,0.149132,0,0.379135,0,0.00023,0,0.100863,0,0.055038,0,0
0,0.076829,0,0.013793,0,0.030489,0,0.019324,0,0.141013,0,0.407505,0,0.000197,0,0.127211,0,0.052333,0,0
0,0.039967,0,0.02337,0,0.003561,0,0.056501,0,0.145041,0,0.486854,0,0.000263,0,0.115064,0,0.063871,0,0
0,0.027614,0,0.014886,0,0.002517,0,0.078387,0,0.149489,0,0.437602,0,0.000263,0,0.143429,0,0.055588,0,0
0,0.028339,0,0.014678,0,0.002486,0,0.013632,0,0.150107,0,0.388079,0,0.000263,0,0.100719,0,0.057757,0,0
0,0.079673,0,0.041743,0,0.004301,0,0.083995,0,0.156898,0,0.437659,0,0.000263,0,0.084831,0,0.063405,0,0
0,0.043099,0,0.024723,0,0.00494,0,0.025205,0,0.156063,0,0.545558,0,0.000263,0,0.217736,0,0.063989,0,0
0,0.151362,0,0.015771,0,0.001379,0,0.034405,0,0.142721,0,0.40451,0,0.000263,0,0.092513,0,0.051086,0,0
0,0.029427,0,0.016343,0,0.002899,0,0.033438,0,0.146198,0,0.401769,0,0.00023,0,0.082161,0,0.061737,0,0
0,0.018115,0,0.011867,0,0.0024,0,0.034131,1,0.105254,0,0,0,0,0,0,0,0,0,0
0,0.02385,0,0.015302,0,0.002213,0,0.037198,0,0.140765,0,0.395182,0,0.000263,0,0.083554,0,0.052304,0,0
0,0.074886,0,0.014261,0,0.002143,0,0.018442,0,0.145086,0,0.426571,0,0.000591,0,0.08547,0,0.06293,0,0
0,0.023692,0,0.013689,0,0.041803,0,0.032598,0,0.147851,0,0.417799,0,0.000263,0,0.088464,0,0.056524,0,0
0,0.126322,0,0.017228,0,0.001356,0,0.081243,0,0.146434,0,0.396565,0,0.00023,0,0.078887,0,0.056013,0,0
0,0.086179,0,0.015562,0,0.001847,0,0.017706,0,0.152191,0,0.430237,0,0.000296,0,0.105623,0,0.064952,0,0
0,0.032057,0,0.014313,0,0.001784,0,0.011846,0,0.146029,0,0.368923,0,0.000263,0,0.07613,0,0.055334,0,0
0,0.022827,0,0.016083,0,0.002641,0,0.027914,0,0.160104,0,0.379774,0,0.000296,0,0.113183,0,0.066256,0,0
0,0.17378,0,0.027221,0,0.001777,0,0.086641,0,0.152904,0,0.390649,0,0.000296,0,0.11678,0,0.064919,0,0
0,0.026796,0,0.020091,0,0.002602,0,0.074354,0,0.149747,0,0.369578,0,0.00023,0,0.111029,0,0.060274,0,0
0,0.053722,0,0.01754,0,0.002602,0,0.02323,0,0.147339,0,0.391442,0,0.000296,0,0.076525,0,0.056346,0,0
0,0.026099,0,0.016083,0,0.101979,0,0.0226,0,0.155674,0,0.416588,0,0.000263,0,0.111359,0,0.062715,0,0
0,0.065155,0,0.016864,0,0.001293,0,0.016761,0,0.153281,0,0.401229,0,0.000263,0,0.100274,0,0.068843,0,0
0,0.034139,0,0.012804,0,0.002275,0,0.012014,0,0.143263,0,0.380674,0,0.00023,0,0.094588,0,0.061433,0,0
0,0.213895,0,0.019882,0,0.001956,0,0.020542,0,0.140216,0,0.409682,0,0.000329,0,0.096397,0,0.078265,0,0
0,0.089776,0,0.012283,0,0.001379,0,0.021739,0,0.148653,0,0.41397,0,0.00023,0,0.108811,0,0.057475,0,0
0,0.025634,0,0.015562,0,0.001815,0,0.111699,0,0.1463,0,0.395967,0,0.000263,0,0.098946,0,0.058831,0,0
0,0.027177,0,0.01551,0,0.00201,0,0.013191,0,0.141471,0,0.442912,0,0.000296,0,0.082491,0,0.072865,0,0
0,0.032299,0,0.015302,0,0.002236,0,0.031128,0,0.150457,0,0.419002,0,0.000197,0,0.096462,0,0.062015,0,0
0,0.044744,0,0.013741,0,0.002119,0,0.143247,0,0.146992,0,0.644587,0,0.000296,0,0.083338,0,0.054695,0,0
0,0.050367,0,0.015458,0,0.002758,0,0.015585,0,0.160104,0,0.416236,0,0.000329,0,0.096448,0,0.064077,0,0
0,0.030393,0,0.022849,0,0.002719,0,0.105209,0,0.146459,0,0.386778,0,0.00023,0,0.089965,0,0.058441,0,0
0,0.223125,0,0.021132,0,0.001964,0,0.032493,0,0.143379,0,0.391917,0,0.00023,0,0.116198,0,0.05886,0,0
0,0.019974,0,0.012127,0,0.002486,0,0.01317,0,0.145351,0,0.390485,0,0.000263,0,0.112149,0,0.053977,0,0
0,0.071094,0,0.025139,0,0.004371,0,0.044717,1,0.058952,0,0,0,0,0,0,0,0,0,0
0,0.051092,0,0.023213,0,0.003101,0,0.296702,0,0.146278,0,0.421866,0,0.00023,0,0.08952,0,0.05516,0,0
0,0.032531,0,0.016655,0,0.002969,0,0.017118,0,0.154186,0,0.374929,0,0.000263,0,0.102543,0,0.059252,0,0
0,0.022075,0,0.015979,0,0.002821,0,0.036967,0,0.153886,0,0.386631,0,0.000263,0,0.091006,0,0.058078,0,0
0,0.032949,0,0.023005,0,0.002104,0,0.177421,0,0.154541,0,0.44157,0,0.000296,0,0.107676,0,0.060616,0,0
0,0.024779,0,0.01728,0,0.002875,0,0.036799,0,0.154892,1,0.106418,0,0,0,0,0,0,0,0
0,0.033042,0,0.018737,0,0.001488,0,0.038395,0,0.147427,0,0.415115,0,0.00023,0,0.080028,0,0.056186,0,0
0,0.085519,0,0.014886,0,0.031058,0,0.022789,0,0.144082,0,0.448436,0,0.000296,0,0.106621,0,0.055472,0,0
0,0.025764,0,0.020715,0,0.297857,0,0.062991,0,0.14589,0,0.50232,0,0.000296,0,0.105889,0,0.058544,0,0
0,0.025105,0,0.016603,0,0.221685,0,0.016551,0,0.147062,0,0.433003,0,0.000493,0,0.097546,0,0.054425,0,0
0,0.049317,0,0.026701,0,0.22297,0,0.080235,0,0.146157,0,0.472853,0,0.000329,0,0.108459,0,0.067473,0,0
0,0.025448,0,0.016395,0,0.002244,0,0.045243,0,0.146453,0,0.429697,0,0.000296,0,0.095148,0,0.087563,0,0
0,0.023868,0,0.033467,0,0.001395,0,0.709368,0,0.143459,0,0.533014,0,0.000296,0,0.132136,0,0.053476,0,0
0,0.024426,0,0.022225,0,0.001309,0,0.039109,0,0.141006,0,0.485627,0,0.000361,0,0.089311,0,0.052403,0,0
0,0.134501,0,0.016551,0,0.002041,0,0.018399,0,0.1464,0,0.453067,0,0.000263,0,0.093806,0,0.054368,0,0
0,0.040301,0,0.016031,0,0.00515,0,0.016887,0,0.152025,0,0.430033,0,0.000263,0,0.080538,0,0.062748,0,0
0,0.024259,0,0.024931,0,0.003015,0,0.015396,0,0.143639,0,0.487435,0,0.000361,0,0.090036,0,0.056582,0,0
0,0.341435,0,0.038411,0,0.002821,0,0.017958,0,0.154097,0,0.516083,0,0.000394,0,0.136774,0,0.059732,0,0
0,0.072888,0,0.018061,0,0.00233,0,0.082777,0,0.143254,0,0.503662,0,0.000263,0,0.106283,0,0.053477,0,0
0,0.038647,0,0.040389,0,0.002657,0,0.177925,0,0.151751,0,0.505347,0,0.000329,0,0.200319,0,0.05508,0,0
0,0.037922,0,0.018113,0,0.004052,0,0.014493,0,0.148685,0,0.503482,0,0.000329,0,0.104237,0,0.057999,0,0
0,0.109211,0,0.016447,0,0.001418,0,0.154484,0,0.146712,0,0.432798,0,0.000329,0,0.07916,0,0.05513,0,0
0,0.023757,0,0.014678,0,0.002493,0,0.01758,0,0.191896,0,0.43968,0,0.000361,0,0.08756,0,0.077154,0,0
0,0.023125,0,0.017905,0,0.001473,0,0.020311,0,0.191331,0,0.429362,0,0.00023,0,0.075907,0,0.081683,0,0
0,0.019835,0,0.016031,0,0.002205,0,0.062235,0,0.19559,0,0.417595,0,0.000263,0,0.08178,0,0.08065,0,0
0,0.023961,0,0.016291,0,0.00233,0,0.017349,0,0.196425,0,0.48084,0,0.000296,0,0.086231,0,0.07631,0,0
0,0.02885,0,0.016603,0,0.002166,0,0.02928,0,0.188265,0,0.50795,0,0.000263,0,0.081967,0,0.087306,0,0
0,0.113496,0,0.029095,0,0.002096,0,0.192502,0,0.199599,0,0.42928,0,0.000296,0,0.096347,0,0.079283,0,0
0,0.043387,0,0.030448,0,0.003639,0,0.051481,0,0.197742,0,0.467657,0,0.000559,0,0.107691,0,0.081671,0,0
0,0.19354,0,0.026701,0,0.00148,0,0.022873,0,0.189072,0,0.523783,0,0.000361,0,0.133967,0,0.077087,0,0
0,0.052124,0,0.034404,0,0.003054,0,0.088364,0,0.194475,0,0.469785,0,0.00023,0,0.104733,0,0.085283,0,0
0,0.087713,0,0.023318,0,0.002151,0,0.017832,0,0.204376,0,0.509652,0,0.001183,0,0.096419,0,0.083369,0,0
0,0.025774,0,0.015146,0,0.002197,0,0.020836,0,0.199894,0,0.504014,0,0.000296,0,0.089304,0,0.09596,0,0
0,0.07707,0,0.06277,0,0.0036,0,0.067444,0,0.199878,0,0.535338,0,0.000296,0,0.089649,0,0.078465,0,0
0,0.094665,0,0.020351,0,0.001808,0,0.050179,0,0.18827,0,0.512573,0,0.000427,0,0.147464,0,0.081195,0,0
0,0.060582,0,0.032062,0,0.00254,0,0.108108,0,0.257588,0,0.470849,0,0.000263,0,0.095852,0,0.174724,0,0
0,0.1751,0,0.020299,0,0.002252,0,0.076644,0,0.278756,0,0.451316,0,0.000296,0,0.103448,0,0.196856,0,0
0,0.031732,0,0.018529,0,0.002945,0,0.043562,0,0.269909,0,0.489252,0,0.000394,0,0.106958,0,0.206182,0,0
0,0.024584,0,0.015927,0,0.001325,0,0.328292,0,0.276093,0,0.499129,0,0.000296,0,0.10693,0,0.20206,0,0
0,0.036546,0,0.01905,0,0.00247,0,0.033018,0,0.28698,0,0.466201,0,0.000296,0,0.103756,0,0.216749,0,0
0,0.104266,0,0.011503,0,0.001886,0,0.053035,0,0.268737,0,0.478107,0,0.000296,0,0.109378,0,0.197077,0,0
0,0.033144,0,0.019622,0,0.002556,0,0.029112,0,0.260591,0,0.451668,0,0.000329,0,0.088952,0,0.191553,0,0
0,0.032178,0,0.031385,0,0.006249,0,0.034089,0,0.307137,0,0.536999,0,0.000329,0,0.088091,0,0.21243,0,0
0,0.046054,0,0.017852,0,0.002361,0,0.050746,0,0.278277,0,0.442872,0,0.00023,0,0.093583,0,0.198772,0,0
0,0.122298,0,0.019206,0,0.001956,0,0.32928,0,0.263142,0,0.423936,0,0.00023,0,0.078104,0,0.181638,0,0
0,0.099377,0,0.016291,0,0.00159,0,0.023903,0,0.271131,0,0.44747,0,0.00023,0,0.088924,0,0.203271,0,0
0,0.022762,0,0.028314,0,0.002228,0,0.078828,1,0.027336,0,0,0,0,0,0,0,0,0,0
0,0.027744,0,0.023786,0,0.00268,0,0.173619,0,0.268664,0,0.465693,0,0.000296,0,0.172843,0,0.192968,0,0
0,0.049289,0,0.019206,0,0.001847,0,0.036778,0,0.265053,0,0.44171,0,0.000263,0,0.093461,0,0.186887,0,0
0,0.02608,0,0.021444,0,0.001987,0,0.018463,0,0.268131,0,0.466381,0,0.000526,0,0.106226,0,0.187046,0,0
0,0.024231,0,0.016707,0,0.002649,0,0.0544,0,0.273413,0,0.458337,0,0.000296,0,0.082986,0,0.212623,0,0
0,0.026694,0,0.014261,0,0.00293,0,0.081516,0,0.273576,0,0.416932,0,0.00023,0,0.077451,0,0.181635,0,0
0,0.094423,0,0.015719,0,0.001488,0,0.014031,0,0.27766,0,0.491036,0,0.000296,0,0.094918,0,0.193643,0,0
0,0.069876,0,0.016031,0,0.001644,0,0.022264,0,0.276996,0,0.488614,0,0.000296,0,0.096957,0,0.200058,0,0
0,0.042931,0,0.015094,0,0.002158,0,0.047217,0,0.275752,0,0.483958,0,0.000296,0,0.082735,0,0.186058,0,0
0,0.024965,0,0.016343,0,0.001512,0,0.018799,0,0.285354,0,0.488499,0,0.000296,0,0.084429,0,0.20389,0,0
0,0.1581,0,0.024202,0,0.000405,0,0.051922,0,0.275763,0,0.569812,0,0.000329,0,0.11105,0,0.199512,0,0
0,0.045209,0,0.013845,0,0.000678,0,0.019492,1,0.100878,0,0,0,0,0,0,0,0,0,0
0,0.068742,0,0.018893,0,0.001106,0,0.080634,0,0.27638,0,0.519651,0,0.000394,0,0.116277,0,0.203418,0,0
0,0.035078,0,0.02186,0,0.00134,0,0.025646,0,0.28076,0,0.47143,0,0.000263,0,0.098494,0,0.201342,0,0
0,0.434371,0,0.189091,0,0.001628,0,0.311615,0,0.281271,0,0.457691,0,0.000263,0,0.116938,0,0.189833,0,0
0,0.037754,0,0.030708,0,0.001644,0,0.498845,0,0.282111,0,0.555328,0,0.000263,0,0.171774,1,0.174406,0,0
0,0.034399,0,0.016812,0,0.002571,0,0.016698,0,0.298646,0,0.465268,0,0.000559,0,0.094804,1,0.021389,0,0
0,0.044605,0,0.01499,0,0,0,0.018757,1,0.179889,0,0,0,0,0,0,0,0,0,0
0,0.057161,0,0.01957,0,0.00286,0,0.050578,1,0.083086,0,0,0,0,0,0,0,0,0,0
0,0.027633,0,0.021496,0,0.001426,0,0.06423,0,0.277271,0,0.479473,0,0.000329,0,0.092793,0,0.192972,0,0
0,0.044047,0,0.010201,0,0.003335,0,0.015144,0,0.279476,0,0.44261,0,0.000493,0,0.077638,0,0.194531,0,0
0,0.241073,0,0.012544,0,0.001325,0,0.128922,1,0.166751,0,0.480946,0,0.000394,0,0.088335,0,0.199061,0,0
0,0.137643,0,0.027169,0,0.001605,0,0.063873,0,0.293689,0,0.822645,0,1,0,0.312389,0,0.237935,0,0
0,0.024779,0,0.021079,0,0.04051,0,0.185108,0,0.283104,0,0.478786,0,0.00023,0,0.096563,0,0.201339,0,0
0,0.150191,0,0.018009,0,0.0018,0,0.027242,0,0.268715,0,0.486077,0,0.000263,0,0.114518,0,0.187497,0,0
0,0.068036,0,0.023838,0,0.003358,0,0.200441,0,0.281039,0,0.466945,0,0.000263,0,0.109923,0,0.194373,0,0
0,0.036676,0,0.016916,0,0.002813,0,0.032325,0,0.295429,0,0.512458,0,0.00023,0,0.0998,0,0.258399,0,0
0,0.027893,0,0.016343,0,0.00293,0,0.05293,0,0.299059,0,0.497026,0,0.000296,0,0.092456,0,0.227263,0,0
0,0.122772,0,0.037891,0,0.005322,0,0.05398,1,0.169557,0,0,0,0,0,0,0,0,0,0
0,0.094107,0,0.011971,0,0.001932,0,0.027641,0,0.281927,0,0.468189,0,0.000394,0,0.108301,0,0.192524,0,0
0,0.040329,0,0.034092,0,0.002906,0,0.093447,0,0.282711,0,0.454516,0,0.000263,0,0.094021,0,0.189724,0,0
0,0.066149,0,0.024983,0,0.003218,0,0.038605,0,0.297311,0,0.483581,0,0.000329,0,0.10367,0,0.210306,0,0
0,0.043508,0,0.027221,0,0.002314,0,0.098467,0,0.35207,0,0.51484,0,0.00023,0,0.083711,0,0.201928,0,0
0,0.056994,0,0.018789,0,0.003818,0,0.026906,0,0.377836,0,0.491535,0,0.000329,0,0.112709,0,0.2115,0,0
0,0.103365,0,0.016968,0,0.001543,0,0.140202,0,0.369069,0,0.481282,0,0.000361,0,0.083726,0,0.212048,0,0
0,0.027568,0,0.017176,0,0.003631,0,0.055556,0,0.376248,0,0.495594,0,0.000296,0,0.100834,0,0.212316,0,0
0,0.093401,0,0.020767,0,0.001956,0,0.021403,0,0.35833,0,0.488974,0,0.000296,0,0.100576,0,0.198207,0,0
0,0.035589,0,0.015146,0,0.00286,0,0.01674,1,0.003781,0,0,0,0,0,0,0,0,0,0
0,0.160693,0,0.028106,0,0.002104,0,0.032976,0,0.304502,0,0.475112,0,0.000394,0,0.106772,0,0.220375,0,0
0,0.033107,0,0.022797,0,0.00254,0,0.038311,0,0.288158,0,0.501919,0,0.000263,0,0.087071,0,0.20477,0,0
0,0.035542,0,0.028731,0,0.002345,0,0.031968,0,0.282083,0,0.485021,0,0.000263,0,0.090539,0,0.2385,0,0
0,0.113533,0,0.015614,0,0.001792,0,0.031317,0,0.285377,0,0.698495,0,0.000361,0,0.089699,0,0.201221,0,0
0,0.030979,0,0.01551,0,0.00261,0,0.03472,0,0.284186,0,0.680575,0,0.000329,0,0.103117,0,0.194444,0,0
0,0.069254,0,0.01957,0,0.0024,0,0.061101,0,0.286959,0,0.633433,0,0.000329,0,0.126874,0,0.202455,0,0
0,0.062627,0,0.019414,0,0.221427,0,0.026906,0,0.278428,0,0.69816,0,0.000296,0,0.123428,0,0.199308,0,0
0,0.025188,0,0.019726,0,0.002953,0,0.032535,0,0.285177,0,0.73495,0,0.000329,0,0.182607,0,0.188269,0,0
0,0.040227,0,0.014886,0,0.003475,0,0.015354,0,0.293971,0,0.67366,0,0.000493,0,0.109507,0,0.194103,0,0
0,0.037318,0,0.016291,0,0.004098,0,0.022873,0,0.288338,0,0.636707,0,0.000296,0,0.084709,0,0.196915,0,0
0,0.037095,0,0.039817,0,0.008026,0,0.098383,0,0.28305,0,0.612281,0,0.000296,0,0.093411,0,0.191703,0,0
0,0.040134,0,0.014053,0,0.00254,0,0.022642,0,0.284241,0,0.614867,0,0.000263,0,0.142575,0,0.205014,0,0
0,0.02556,0,0.01702,0,0.001527,0,0.025436,0,0.292731,0,0.781878,0,0.000427,0,0.130916,0,0.196545,0,0
0,0.126954,0,0.014209,0,0.001449,0,0.020143,0,0.293924,0,0.625807,0,0.000263,0,0.101315,0,0.194444,0,0
0,0.050441,0,0.017072,0,0.002392,0,0.017097,0,0.235143,0,0.644742,0,0.000296,0,0.109514,0,0.190649,0,0
0,0.102138,0,0.021652,0,0.001512,0,0.121886,0,0.234923,0,0.659381,0,0.000263,0,0.124383,0,0.19506,0,0
0,0.125644,0,0.026805,0,0.002618,0,0.069313,0,0.231559,0,0.658751,0,0.000296,0,0.108796,0,0.195979,0,0
0,0.072163,0,0.01551,0,0.001574,0,0.014598,0,0.239121,0,0.643032,0,0.000329,0,0.091121,0,0.201975,0,0
0,0.034724,0,0.025139,0,0.002244,0,0.037639,0,0.236792,0,0.632803,0,0.000657,0,0.083496,0,0.197369,0,0
0,0.02438,0,0.025035,0,0.003553,0,0.104999,0,0.231691,0,0.60017,0,0.000296,0,0.098372,0,0.190153,0,0
0,0.027103,0,0.023057,0,0.002548,0,0.02741,0,0.24232,0,0.604114,0,0.000296,0,0.092377,0,0.213524,0,0
0,0.099758,0,0.022485,0,0.001745,0,0.054358,0,0.235361,0,0.584271,0,0.000296,0,0.080337,0,0.19575,0,0
0,0.031109,0,0.288034,0,0.002493,0,0.036589,0,0.234158,0,0.656345,0,0.000296,0,0.094071,0,0.200304,0,0
0,0.056111,0,0.02389,0,0.005236,0,0.031149,0,0.237143,0,0.626413,0,0.000263,0,0.095823,0,0.199881,0,0
0,0.03122,0,0.018425,0,0.002408,0,0.033375,0,0.23957,0,0.640577,0,0.000296,0,0.108861,0,0.201469,0,0
0,0.029993,0,0.015406,0,0.002205,0,0.056564,0,0.243265,0,0.598444,0,0.000296,0,0.092951,0,0.211851,0,0
0,0.045255,0,0.017176,0,0.002906,0,0.397522,0,0.232407,0,0.683611,0,0.000296,0,0.124734,0,0.207031,0,0
0,0.024352,0,0.017384,0,0.002719,0,0.054736,0,0.23175,0,0.622534,0,0.000263,0,0.087969,0,0.192992,0,0
0,0.205279,0,0.141467,0,0.003366,0,0.476286,0,0.234321,0,0.648703,0,0.000296,0,0.088385,0,0.19209,0,0
0,0.221424,0,0.030969,0,0.005711,0,0.030288,0,0.23774,0,0.642819,0,0.000296,0,0.089476,0,0.200151,0,0
0,0.087778,0,0.021496,0,0.004161,0,0.080298,0,0.234947,0,0.633638,0,0.000329,0,0.104424,0,0.199981,0,0
0,0.028228,0,0.018321,0,0.002454,0,0.025268,0,0.232214,0,0.690059,0,0.000394,0,0.092197,0,0.195771,0,0
0,0.03334,0,0.021496,0,0.002782,0,0.069208,0,0.237207,1,0.303248,0,0,0,0,0,0,0,0
0,0.155498,0,0.020559,0,0.001465,0,0.272149,0,0.236981,0,0.642876,0,0.000263,0,0.091874,0,0.195212,0,0
0,0.018217,0,0.015562,0,0.002166,0,0.023125,0,0.245906,0,0.776453,0,0.000263,0,0.125833,0,0.212348,0,0
0,0.120002,0,0.025764,0,0.001519,0,0.111825,0,0.235491,0,0.615145,0,0.000263,0,0.095443,0,0.192553,0,0
0,0.052152,0,0.016707,0,0.002641,0,0.044213,0,0.235703,0,0.593771,0,0.000263,0,0.086073,0,0.193015,0,0
0,0.025532,0,0.020767,0,0.002104,0,0.024407,0,0.233793,0,0.657016,0,0.000263,0,0.091501,0,0.194394,0,0
0,0.044419,0,0.021756,0,0.003561,0,0.081958,1,0.081721,0,0,0,0,0,0,0,0,0,0
0,0.029519,0,0.032894,0,0.002719,0,0.097648,0,0.239796,0,0.652999,0,0.000296,0,0.096168,0,0.205305,0,0
0,0.02661,0,0.020091,0,0.001878,0,0.017811,0,0.234738,0,0.648506,0,0.000329,0,0.104532,0,0.196407,0,0
0,0.02661,0,0.027898,0,0.002447,0,0.072968,0,0.23272,0,0.672981,0,0.000296,0,0.098688,0,0.193399,0,0
0,0.094098,0,0.018841,0,0.001395,0,0.023188,0,0.231789,0,0.722569,0,0.000296,0,0.117849,0,0.187151,0,0
0,0.027661,0,0.035445,0,0.002844,0,0.063957,0,0.235566,0,0.587765,0,0.00023,0,0.084192,0,0.190063,0,0
0,0.024231,0,0.024463,0,0.003288,0,0.028019,0,0.226799,0,0.64439,0,0.00092,0,0.104043,0,0.187285,0,0
0,0.154968,0,0.017905,0,0.002244,0,0.025268,0,0.231172,0,0.672752,0,0.000296,0,0.093404,0,0.196672,0,0
0,0.135468,0,0.022172,0,0.004254,0,0.077526,0,0.249988,0,0.63971,0,0.000296,0,0.103189,0,0.215144,0,0
0,0.059188,0,0.015927,0,0.002828,0,0.03096,0,0.232166,0,0.681098,0,0.00023,0,0.248485,0,0.203433,0,0
0,0.101877,0,0.02212,0,0.003982,0,0.026738,0,0.242026,0,0.713609,0,0.000296,0,0.108351,0,0.220013,0,0
0,0.127298,0,0.024046,0,0.0036,0,0.032955,0,0.239645,0,0.643637,0,0.000263,0,0.094481,0,0.206334,0,0
0,0.046305,0,0.026388,0,0.007901,0,0.032304,0,0.239127,0,0.572209,0,0.000296,0,0.078908,0,0.201983,0,0
0,0.050144,0,0.014365,0,0.003421,0,0.018399,0,0.241131,0,0.622305,0,0.000296,0,0.093468,0,0.206343,0,0
0,0.088456,0,0.015302,0,0.003857,0,0.021613,0,0.239154,0,0.639701,0,0.000361,0,0.129911,0,0.20675,0,0
0,0.085993,0,0.019258,0,0.003826,0,0.020206,0,0.240224,0,0.585703,0,0.000394,0,0.093935,0,0.210143,0,0
0,0.024668,0,0.01754,0,0.004566,0,0.0205,0,0.239786,0,0.586832,0,0.000296,0,0.07641,0,0.212872,0,0
0,0.021498,0,0.020299,0,0.002205,0,0.018652,0,0.23497,0,0.65736,0,0.000329,0,0.096433,0,0.190793,0,0
0,0.042904,0,0.020975,0,0.002228,0,0.066037,0,0.23629,0,0.676148,0,0.000296,0,0.106671,0,0.197266,0,0
0,0.02608,0,0.019778,0,0.09506,0,0.080991,0,0.249355,0,0.729917,0,0.000394,0,0.115107,0,0.191846,0,0
0,0.028655,0,0.028366,0,0.002758,0,0.077946,0,0.236577,0,0.683218,0,0.000263,0,0.08733,0,0.196454,0,0
0,0.023181,0,0.021964,0,0.002938,0,0.027389,0,0.217639,0,0.702898,0,0.000263,0,0.130133,0,0.177448,0,0
0,0.035765,0,0.022901,0,0.005376,0,0.031968,1,0.324872,0,0,0,0,0,0,0,0,0,0
0,0.053248,0,0.020663,0,0.005719,0,0.128313,0,0.242943,0,0.70068,0,0.000986,0,0.104926,0,0.217152,0,0
0,0.029705,0,0.024619,0,0.005065,0,0.181748,1,0.182761,0,0,0,0,0,0,0,0,0,0
0,0.027707,0,0.036382,0,0.004387,0,0.064272,0,0.253414,0,0.669855,0,0.000296,0,0.095557,0,0.230185,0,0
0,0.140915,0,0.044813,0,0.003997,0,0.028019,0,0.24012,0,0.745604,0,0.000329,0,0.091874,0,0.202252,0,0
0,0.028813,0,0.038984,0,0.00254,0,0.060491,0,0.242237,0,0.760276,0,0.000493,0,0.104201,0,0.194488,0,0
0,0.092276,0,0.021027,0,0.003117,0,0.018147,0,0.243725,0,0.80092,0,0.000361,0,0.149525,0,0.195898,0,0
0,0.028618,0,0.024619,0,0.034323,0,0.038143,1,0.081707,0,0,0,0,0,0,0,0,0,0
0,0.068984,0,0.029199,0,0.002454,0,0.096303,0,0.242048,0,0.817359,0,0.000361,0,0.112759,0,0.192961,0,0
0,0.065303,0,0.027065,0,0.004574,0,0.038143,0,0.257329,0,0.7476,0,0.00046,0,0.104876,0,0.230993,0,0
0,0.036955,0,0.295841,0,0.002291,0,0.026612,0,0.254803,0,0.787786,0,0.000329,0,0.085427,0,0.210103,0,0
0,0.028376,0,0.01754,0,0.003475,0,0.049968,0,0.245003,0,0.858551,0,0.000263,0,0.110469,0,0.204017,0,0
0,0.033851,0,0.034872,0,0.003678,0,0.06904,0,0.251015,0,0.811238,0,0.000427,0,0.091623,0,0.21824,0,0
0,0.024054,0,0.019258,0,0.005275,0,0.01882,0,0.257264,0,0.817834,0,0.000263,0,0.126903,0,0.216872,0,0
0,0.049726,0,0.015406,0,0.00448,0,0.026171,0,0.253204,0,0.888599,0,0.000329,0,0.115136,0,0.209313,0,0
0,0.049819,0,0.018373,0,0.001364,0,0.021802,0,0.251192,0,0.946263,0,0.000361,0,0.115064,0,0.20944,0,0
0,0.053128,0,0.023526,0,0.004605,0,0.093615,0,0.249619,0,0.825566,0,0.001314,0,0.181107,0,0.218885,0,0
0,0.024658,0,0.02389,0,0.004987,0,0.054862,0,0.268234,0,0.798882,0,0.000296,0,0.094689,0,0.221881,0,0
0,0.041928,0,0.03862,0,0.004332,0,0.016341,0,0.248738,0,0.765914,0,0.000329,0,0.082728,0,0.218135,0,0
0,0.043452,0,0.024671,0,0.002821,0,0.020983,0,0.249159,0,0.849665,0,0.000329,0,0.103878,0,0.211259,0,0
0,0.099675,0,0.018113,0,0.004348,0,0.049716,0,0.250809,0,0.869377,0,0.000427,0,0.119422,0,0.228546,0,0
0,0.03123,0,0.030344,0,0.005984,0,0.085192,0,0.262535,0,0.795642,0,0.000296,0,0.110548,0,0.232275,0,0
0,0.088865,0,0.018009,0,0.001558,0,0.017496,0,0.251118,0,0.903099,0,0.000296,0,0.094437,0,0.216324,0,0
0,0.429752,0,0.030812,0,0.0018,0,0.081706,0,0.233721,0,0.8387,0,0.000329,0,0.160646,0,0.204546,0,0
0,0.131983,0,0.027742,0,0.004114,0,0.031254,0,0.281348,0,0.840778,0,0.000427,0,0.103907,0,0.227085,0,0
0,0.37101,0,0.020923,0,0.005376,0,0.105797,1,0.01425,0,0,0,0,0,0,0,0,0,0
0,0.14177,0,0.046063,0,0.003218,0,0.252909,0,0.24799,0,0.913859,0,0.000394,0,0.278481,0,0.22493,0,0
0,0.024714,0,0.020871,0,0.004823,0,0.023104,0,0.28214,0,0.864239,0,0.000329,0,0.094983,0,0.227885,0,0
0,0.114183,0,0.022485,0,0.00159,0,0.093741,0,0.245166,0,0.847112,0,0.000361,0,0.100504,0,0.224777,0,0
0,0.025839,0,0.017696,0,0.002945,0,0.012644,0,0.241342,0,0.844821,0,0.000591,0,0.106169,0,0.222928,0,0
0,0.040106,0,0.016812,0,0.002189,0,0.017055,0,0.245876,0,0.838945,0,0.000329,0,0.178379,0,0.214743,0,0
0,0.031202,0,0.035601,0,0.002291,0,0.07698,0,0.25257,0,0.847529,0,0.000329,0,0.087473,0,0.216498,0,0
0,0.036676,0,0.021808,0,0.001441,0,0.024575,1,0.089116,0,0,0,0,0,0,0,0,0,0
0,0.149224,0,0.026753,0,0.003623,0,0.019555,0,0.243376,0,0.918843,0,0.000329,0,0.112989,0,0.226239,0,0
0,0.035347,0,0.022953,0,0.005143,0,0.124365,0,0.333834,0,0.854419,0,0.000493,0,0.109227,0,0.230832,0,0
0,0.026852,0,0.020767,0,0.003171,0,0.046125,0,0.248801,0,0.810199,0,0.000296,0,0.110124,0,0.229597,0,0
0,0.084422,0,0.211159,0,0.003008,0,0.416614,0,0.242099,0,0.972211,0,0.000361,0,0.202372,0,0.24248,0,0
0,0.047672,0,0.031281,0,0.005158,0,0.131926,0,0.287623,0,0.849722,0,0.000361,0,0.130916,0,0.232777,0,0
0,0.051408,0,0.031385,0,0.002423,0,0.057782,0,0.245456,0,0.891741,0,0.000394,0,0.137858,0,0.23692,0,0
0,0.024175,0,0.018269,0,0.004792,0,0.062004,0,0.259097,0,0.807646,0,0.000296,0,0.094811,0,0.257793,0,0
0,0.029315,0,0.02363,0,0.002384,0,0.076518,0,0.243848,0,0.786862,0,0.000263,0,0.103649,0,0.242211,0,0
0,0.126424,0,0.020195,0,0.00381,0,0.026885,0,0.264534,0,0.872618,0,0.000263,0,0.132639,0,0.240825,0,0
0,0.447969,0,0.022277,0,0.003654,0,0.143268,0,0.261069,0,0.836572,0,0.000329,0,0.153416,0,0.288311,0,0
0,0.167116,0,0.024567,0,0.00395,0,0.10189,0,0.255185,0,0.794856,0,0.000296,0,0.098479,0,0.226287,0,0
0,0.055851,0,0.022537,0,0.005275,0,0.020815,0,0.246366,0,0.858551,0,0.000329,0,0.091185,0,0.21268,0,0
0,0.092453,0,0.021912,0,0.001519,0,0.027326,0,0.249678,0,0.873943,0,0.000394,0,0.109363,0,0.205972,0,0
0,0.05521,0,0.018998,0,0.002899,0,0.048246,0,0.248609,0,0.819552,0,0.000394,0,0.108983,0,0.211973,0,0
0,0.176606,0,0.020767,0,0.007581,0,0.017727,0,0.243406,0,0.840844,0,0.000329,0,0.108968,0,0.208464,0,0
0,0.109638,0,0.018425,0,0.003592,0,0.01632,0,0.246159,0,0.903238,0,0.000394,0,0.129904,0,0.267932,0,0
0,0.103671,0,0.047208,0,0.002782,0,0.053959,0,0.24438,0,0.83163,0,0.000296,0,0.11398,0,0.21296,0,0
0,0.029882,0,0.022953,0,0.00293,0,0.030624,0,0.245763,0,0.866628,0,0.00046,0,0.101653,0,0.216044,0,0
0,0.029176,0,0.024098,0,0.002462,0,0.018021,0,0.227185,0,0.784922,0,0.000756,0,0.098594,0,0.183201,0,0
0,0.048304,0,0.024879,0,0.002712,0,0.098656,0,0.235171,0,0.85194,0,0.000296,0,0.107963,0,0.207416,0,0
0,0.022576,0,0.020143,0,0.009054,0,0.043142,0,0.243596,0,0.779129,0,0.000296,0,0.088163,0,0.219746,0,0
0,0.144818,0,0.022693,0,0.003717,0,0.024071,0,0.245756,0,1,0,0.000361,0,0.122322,0,0.234166,0,0
0,0.03571,0,0.021548,0,0.004808,0,0.012014,0,0.251073,0,0.970763,0,0.000394,0,0.123815,0,0.231696,0,0
0,0.235245,0,0.023942,0,0.001628,0,0.022012,0,0.245009,0,0.839371,0,0.000263,0,0.138684,0,0.205095,0,0
0,0.123757,0,0.021236,0,0.003499,0,0.013275,0,0.247826,0,0.82204,0,0.000329,0,0.098759,0,0.217454,0,0
0,0.038349,0,0.024098,0,0.004698,0,0.033144,0,0.24742,0,0.837792,0,0.000296,0,0.092635,0,0.212963,0,0
0,0.021461,0,0.018269,0,0.000616,0,0.011153,0,0.240312,0,0.807351,0,0.000329,0,0.088242,0,0.200246,0,0
0,0.041863,0,0.020559,0,0.134338,0,0.01653,0,0.248208,0,0.797385,0,0.000296,0,0.08173,0,0.220018,0,0
0,0.086253,0,0.022016,0,0.00388,0,0.041252,0,0.248946,0,0.807859,0,0.000329,0,0.081213,0,0.214961,0,0
0,0.023506,0,0.022641,0,0.004823,0,0.161983,0,0.251941,0,0.770185,0,0.000296,0,0.077659,0,0.21655,0,0
0,0.064123,0,0.019726,0,0.002384,0,0.019807,0,0.245077,0,0.800887,0,0.000329,0,0.090618,0,0.209949,0,0
0,0.035189,0,0.032634,0,0.003553,0,0.150956,0,0.255343,0,0.860728,0,0.000361,0,0.121899,0,0.210602,0,0
0,0.033423,0,0.020039,0,0.00501,0,0.031191,0,0.250562,0,0.881864,0,0.000296,0,0.107798,0,0.220789,0,0
0,0.033906,0,0.019934,0,0.414119,0,0.049968,1,0.242937,0,0,0,0,0,0,0,0,0,0
0,0.04506,0,0.050903,0,0.081892,0,0.015522,0,0.231821,0,0.366125,0,0.000591,0,0.09644,0,0.198299,0,0
0,0.024723,0,0.018581,0,0.001893,0,0.027053,0,0.235033,0,0.348818,0,0.000624,0,0.08952,0,0.202909,0,0
0,0.121024,0,0.044345,0,0.00261,0,0.09435,0,0.232429,0,0.373276,0,0.000329,0,0.110498,0,0.202743,0,0
0,0.081615,0,0.020611,0,0.003475,0,0.013085,0,0.240603,0,0.394478,0,0.000329,0,0.10591,0,0.206579,0,0
0,0.087545,0,0.023422,0,0.001558,0,0.215501,0,0.234804,0,0.417227,0,0.000361,0,0.168213,0,0.204243,0,0
0,0.137717,0,0.024723,0,0.004745,0,0.063243,0,0.255624,0,0.383194,0,0.000329,0,0.117577,0,0.233087,0,0
0,0.236379,0,0.026284,0,0.00166,0,0.021592,0,0.234087,0,0.423061,0,0.000394,0,0.107525,0,0.202312,0,0
0,0.272916,0,0.028835,0,0.001792,0,0.028481,0,0.239468,0,0.393987,0,0.000296,0,0.107683,0,0.239843,0,0
0,0.077879,0,0.019102,0,0.004582,0,0.017559,0,0.233664,0,0.391393,0,0.000361,0,0.092994,0,0.207815,0,0
0,0.031165,0,0.019258,0,0.004488,0,0.010733,0,0.237091,0,0.380567,0,0.000953,0,0.122703,0,0.292419,0,0
0,0.027465,0,0.0216,0,0.004628,0,0.015249,0,0.244324,0,0.383268,0,0.000296,0,0.16229,0,0.245896,0,0
0,0.070369,0,0.021444,0,0.002789,0,0.060912,0,0.232912,0,0.390567,0,0.000624,0,0.104919,1,0.316016,0,0
0,0.105595,0,0.020299,0,0.001418,0,0.01842,0,0.239524,0,0.365773,0,0.000263,0,0.100411,1,0.312197,0,0
0,0.021247,0,0.024098,0,0.003234,0,0,0,0.231379,0,0.394306,0,0.000559,0,0.093497,0,0.192506,0,0
0,0.05969,0,0.020663,0,0.004395,0,0.015186,0,0.24815,0,0.311701,0,0.000329,0,0.078865,0,0.22351,0,0
0,0.026266,0,0.027221,0,0.004449,0,0.149191,0,0.241373,0,0.378252,0,0.000296,0,0.106003,0,0.274011,0,0
0,0.025095,0,0.027325,0,0.004605,0,0.097438,0,0.248891,0,0.327436,0,0.000263,0,0.085126,0,0.216563,0,0
0,0.025644,0,0.300734,0,0.002602,0,0.041189,0,0.247926,0,0.360978,0,0.000296,0,0.095924,0,0.24194,0,0
0,0.026369,0,0.018217,0,0.492099,0,0.013275,0,0.243346,0,0.367344,0,0.000394,0,0.110239,0,0.27439,0,0
0,0.136593,0,0.021132,0,0.040588,0,0.01317,0,0.239507,0,0.346216,0,0.000296,0,0.102521,0,0.215224,0,0
0,0.025727,0,0.01702,0,0.002112,0,0.007961,0,0.240523,0,0.325939,0,0.000329,0,0.089721,0,0.241171,0,0
0,0.026778,0,0.021964,0,0.004208,0,0.117349,0,0.243953,0,0.401024,0,0.000263,0,0.09135,0,0.261518,0,0
0,0.107519,0,0.032582,0,0.003615,0,0.102289,0,0.241797,0,0.367172,0,0.000296,0,0.174459,0,0.225798,0,0
0,0.022651,0,0.018633,0,0.004215,0,0.030456,0,0.241292,0,0.369619,0,0.000263,0,0.107971,0,0.215379,0,0
0,0.04637,0,0.032634,0,0.00166,0,0.028565,0,0.247621,0,0.39699,0,0.000394,0,0.09975,0,0.257772,0,0
0,0.028478,0,0.022381,0,0.004691,0,0.016782,0,0.228849,0,0.357966,0,0.000591,0,0.102715,0,0.205782,0,0
0,0.030821,0,0.024098,0,0.001979,0,0.024575,0,0.239866,0,0.390706,0,0.000329,0,0.103139,0,0.302687,0,0
0,0.026173,0,0.022277,0,0.002135,0,0.011468,0,0.237995,0,0.354219,0,0.000296,0,0.096232,0,0.218515,0,0
0,0.027112,0,0.026805,0,0.0024,0,0.026171,1,0.093498,0,0,0,0,0,0,0,0,0,0
0,0.124928,0,0.024202,0,0.001309,0,0.01025,1,0.087216,0,0,0,0,0,0,0,0,0,0
0,0.070564,0,0.027169,0,0.004472,0,0.057194,0,0.240886,0,0.357279,0,0.000329,0,0.187295,0,0.229783,0,0
0,0.026434,0,0.021132,0,0.004028,0,0.012812,0,0.237596,0,0.375224,0,0.000263,0,0.096089,0,0.236423,0,0
0,0.033748,0,0.041378,0,0.002353,0,0.010733,0,0.23822,0,0.399936,0,0.000296,0,0.111058,0,0.201426,0,0
0,0.044214,0,0.037683,0,0.001449,0,0.147322,0,0.242387,0,0.371935,0,0.000329,0,0.095931,0,0.214432,0,0
0,0.036212,0,0.026336,0,0.002322,0,0.024575,0,0.236728,0,0.352116,0,0.000296,0,0.087911,0,0.20955,0,0
0,0.023013,0,0.023318,0,0.002236,0,0.017475,0,0.239,0,0.421604,0,0.000296,0,0.08817,0,0.211141,0,0
0,0.071996,0,0.020559,0,0.001465,0,0.0544,0,0.236777,0,0.364014,0,0.000263,0,0.126522,0,0.234181,0,0
0,0.150553,0,0.028835,0,0.003756,0,0.082735,0,0.240083,0,0.344898,0,0.000263,0,0.101789,0,0.231097,0,0
0,0.045367,0,0.022068,0,0.004917,0,0.027599,0,0.242131,0,0.43072,0,0.000296,0,0.149223,0,0.243648,0,0
0,0.032066,0,0.030032,0,0.004519,0,0.121529,0,0.362792,0,0.352361,0,0.000263,0,0.08962,0,0.219658,0,0
0,0.026424,0,0.025191,0,0.004519,0,0.077295,0,0.364099,0,0.342861,0,0.000263,0,0.097245,0,0.265051,0,0
0,0.028488,0,0.031958,0,0.005875,0,0.113632,0,0.356113,0,0.361763,0,0.000329,0,0.118287,0,0.295218,0,0
0,0.086077,0,0.022953,0,0.003818,0,0.011825,0,0.363062,0,0.427831,0,0.000263,0,0.106111,0,0.252269,0,0
0,0.146714,0,0.032322,0,0.007948,0,0.066583,0,0.35855,0,0.355814,0,0.000296,0,0.089577,0,0.254093,0,0
0,0.195334,0,0.055223,0,0.005423,0,0.130099,0,0.355355,0,0.410877,0,0.000329,0,0.115308,0,0.243456,0,0
0,0.040013,0,0.046531,0,0.003366,0,0.346755,0,0.361521,0,0.355683,0,0.00023,0,0.122179,0,0.217934,0,0
0,0.068687,0,0.025087,0,0.001145,0,0.057341,0,0.363357,0,0.399012,0,0.000493,0,0.101423,1,0.303993,0,0
0,0.118301,0,0.024098,0,0.004169,0,0.18599,0,0.376311,0,0.352525,0,0.000263,0,0.103024,0,0.279783,0,0
0,0.25178,0,0.044865,0,0.003935,0,0.04875,0,0.372357,0,0.39195,0,0.000329,0,0.096311,0,0.221604,0,0
0,0.126462,0,0.027117,0,0.004667,0,0.017664,0,0.364436,0,0.348196,0,0.000296,0,0.100691,1,0.038862,0,0
0,0.114927,0,0.03862,0,0.003584,0,0.02302,1,0.276202,0,0,0,0,0,0,0,0,0,0
0,0.179097,0,0.049237,0,0.001325,0,0.068872,1,0.063806,0,0,0,0,0,0,0,0,0,0
0,0.130291,0,0.0216,0,0.001254,0,0.036715,1,0.186586,0,0,0,0,0,0,0,0,0,0
0,0.040022,0,0.021236,0,0.004847,0,0.016068,1,0.081952,0,0,0,0,0,0,0,0,0,0
0,0.093001,0,0.020559,0,0.001753,0,0.020311,0,0.399771,0,0.31472,0,0.000296,0,0.085592,0,0.224212,0,0
0,0.06364,0,0.024411,0,0.002314,0,0.1092,0,0.368729,0,0.350512,0,0.000361,0,0.100913,0,0.272037,0,0
0,0.107835,0,0.033415,0,0.004815,0,0.201302,0,0.375194,0,0.348163,0,0.000296,0,0.108236,0,0.230933,0,0
0,0.032642,0,0.052517,0,0.00328,0,0.151754,0,0.38663,0,0.37479,0,0.001939,0,0.099887,1,0.303429,0,0
0,0.023534,0,0.020143,0,0.002712,0,0.014535,0,0.395491,0,0.39123,0,0.000296,0,0.095421,1,0.37511,0,0
0,0.069086,0,0.026545,0,0.001761,0,0.091031,0,0.400882,0,0.394364,0,0.000361,0,0.118847,0,0.369413,0,0
0,0.053499,0,0.020247,0,0.002509,0,0.044339,0,0.402905,0,0.375993,0,0.000296,0,0.128877,1,0.593035,0,0
0,0.030161,0,0.025347,0,0.003187,0,0.040706,0,0.374042,0,0.382261,0,0.000329,0,0.11874,0,0.283658,0,0
0,0.091784,0,0.018373,0,0.001317,0,0.050578,0,0.407536,0,0.310236,0,0.000263,0,0.078162,0,0.468341,0,0
0,0.035505,0,0.025243,0,0.003047,0,0.057803,0,0.26356,0,0.383996,0,0.000263,0,0.116665,0,0.211319,0,0
0,0.02701,0,0.017384,0,0.002236,0,0.015564,0,0.273114,0,0.392874,0,0.000263,0,0.093109,0,0.23126,0,0
0,0.040747,0,0.025295,0,0.003,0,0.068767,1,0.024998,0,0,0,0,0,0,0,0,0,0
0,0.031285,0,0.015823,0,0.002369,0,0.074312,0,0.265019,0,0.378415,0,0.000329,0,0.120872,0,0.21045,0,0
0,0.051975,0,0.019622,0,0.002189,0,0.060891,0,0.275269,0,0.344129,0,0.000263,0,0.111309,0,0.211272,0,0
0,0.022456,0,0.023005,0,0.00233,0,0.070846,0,0.271102,0,0.377262,0,0.000394,0,0.138935,0,0.215403,0,0
0,0.045525,0,0.025712,0,0.005158,0,0.039319,0,0.259848,0,0.408667,0,0.000361,0,0.146811,0,0.205504,0,0
0,0.052142,0,0.040441,0,0.002415,0,0.116278,0,0.294466,0,0.348016,0,0.000263,0,0.127857,0,0.240049,0,0
0,0.168594,0,0.022381,0,0.001504,0,0.012035,0,0.293943,0,0.389732,0,0.000296,0,0.117591,0,0.317777,0,0
0,0.035961,0,0.022589,0,0.002634,0,0.024932,0,0.292035,0,0.418536,0,0.000296,0,0.1363,0,0.316174,0,0
0,0.139307,0,0.027221,0,0.001613,0,0.042449,0,0.297768,0,0.34336,0,0.000263,0,0.119659,1,0.312519,0,0
0,0,0,0.339718,0,0.00307,0,0.034699,0,0.294969,0,0.316512,0,0.00023,0,0.092205,0,0.331404,0,0
0,0,0,0.023109,0,0.001504,0,0.120857,0,0.29496,0,0.377728,0,0.000394,0,0.158068,1,0.315401,0,0
0,0,0,0.038932,0,0.002867,0,0.039929,1,0.215992,0,0,0,0,0,0,0,0,0,0
0,0,0,0.026284,0,0.001722,0,0.049401,0,0.30074,0,0.343303,0,0.00023,0,0.153136,1,0.417937,0,0
0,0,0,0.020611,0,0.001457,0,0.010502,0,0.287935,0,0.391852,0,0.000296,0,0.124454,1,0.31346,0,0
0,0,0,0.025868,0,0.005182,0,0.04497,0,0.284615,0,0.41478,0,0.000296,0,0.117706,1,0.311031,0,0
0,0,0,0.033883,0,0.001566,0,0.023861,0,0.311085,0,0.357705,0,0.000296,0,0.135109,1,0.319872,0,0
0,0,0,0.025399,0,0.002743,0,0.089624,0,0.301294,0,0.321995,0,0.00023,0,0.097711,0,0.46849,0,0
0,0,0,0.040962,0,0.003491,0,0.535182,0,0.293892,0,0.490201,0,0.000296,0,0.140924,0,1,0,0
0,0,0,0.021912,0,0.103382,0,0.025079,0,0.298581,0,0.373129,0,0.000329,0,0.10568,0,0.583808,0,0
0,0,0,0.022589,0,0.004737,0,0.015249,0,0.297803,0,0.374332,0,0.000296,0,0.128109,0,0.283428,0,0
0,0,0,0.020559,0,0.004605,0,0.02594,0,0.29432,0,0.361518,0,0.000296,0,0.103254,0,0.661236,0,0
0,0,0,0.021288,0,0.002236,0,0.017706,0,0.301191,0,0.372319,0,0.000263,0,0.110914,0,0.261268,0,0
0,0,0,0.022693,0,0.002267,0,0.047742,0,0.299347,0,0.626085,0,0.000624,0,0.150573,0,0.257955,0,0
0,0,0,0.03914,0,0.001714,0,0.076307,0,0.309897,0,0.33728,0,0.000263,0,0.120757,0,0.258207,0,0
0,0,0,0.020767,0,0.000865,0,0.015627,0,0.291593,0,0.329196,0,0.000296,0,0.143092,0,0.254887,0,0
0,0,0,0.021392,0,0.003569,0,0.039572,0,0.298692,0,0.480431,0,0.000296,0,0.145124,0,0.251797,0,0
0,0,0,0.026388,0,0.005259,0,0.042974,0,0.290244,0,0.389298,0,0.000296,0,0.116536,0,0.254823,0,0
0,0,0,0.020819,0,0.002899,0,0.093825,0,0.318215,0,0.316152,0,0.000263,0,0.103914,0,0.320068,0,0
0,0,0,0.024515,0,0.005041,0,0.047532,0,0.302376,0,0.388767,0,0.000329,0,0.117067,0,0.264456,0,0
0,0,0,0.027013,0,0.003724,0,0.036484,0,0.304241,0,0.356911,0,0.00023,0,0.114547,0,0.322798,0,0
0,0,0,0.118982,0,0.010059,0,1,0,0.30146,0,0.378153,0,0.000296,0,0.113901,0,0.334715,0,0
0,0,0,0.025712,0,0.004488,0,0.044654,0,0.298357,0,0.334572,0,0.00023,0,0.113649,0,0.379902,0,0
0,0,0,0.061625,0,0.00381,0,0.112854,0,0.291657,0,0.32616,0,0.000296,0,0.095988,0,0.275602,0,0
0,0,0,0.018217,0,0.002501,0,0.032535,0,0.31292,0,0.387997,0,0.000263,0,0.132488,0,0.248906,0,0
0,0,0,0.025816,0,0.002376,0,0.013275,0,0.297903,0,0.385919,0,0.000296,0,0.121231,0,0.292153,0,0
0,0,0,0.020091,0,0.001286,0,0.011048,0,0.294772,0,0.346928,0,0.000263,0,0.096405,0,0.267932,0,0
0,0,0,0.017384,0,0.002376,0,0.020395,0,0.308491,0,0.421506,0,0.000296,0,0.165391,0,0.262558,0,0
0,0,0,0.032166,0,0.003008,0,0.354673,0,0.31876,0,0.519905,0,0.000361,0,0.149539,0,0.259712,0,0
0,0,0,0.023109,0,0.003499,0,0.021634,0,0.309522,0,0.38641,0,0.000361,0,0.136099,0,0.24175,0,0
0,0,0,0.018113,0,0.002439,0,0.109893,0,0.297943,0,0.370347,0,0.000329,0,0.133027,0,0.24696,0,0
0,0,0,0.028158,0,0.003296,0,0.080592,0,0.317921,0,0.351977,0,0.000296,0,0.101071,0,0.251869,0,0
0,0,0,0.021236,0,0.004402,0,0.058223,0,0.297001,0,0.418912,0,0.001281,0,0.112077,0,0.266883,0,0
0,0,0,0.020871,0,0.003475,0,0.011825,0,0.292798,0,0.367958,0,0.00023,0,0.10782,0,0.267724,0,0
0,0,0,0.023994,0,0.003584,0,0.018357,0,0.295105,0,0.346821,0,0.00023,0,0.183907,0,0.232809,0,0
0,0,0,0.041534,0,0.004901,0,0.013254,0,0.296378,0,0.383873,0,0.000263,0,0.126759,0,0.254718,0,0
0,0,0,0.048092,0,0.004278,0,0.076371,0,0.300284,0,0.393087,0,0.000263,0,0.131225,0,0.238282,0,0
0,0,0,0.029667,0,0.003296,0,0.084394,0,0.296814,0,0.381451,0,0.000329,0,0.142424,0,0.240426,0,0
0,0,0,0.026701,0,0.005571,0,0.085507,1,0.201506,0,0,0,0,0,0,0,0,0,0
0,0,0,0.064227,0,0.006319,0,0.147112,0,0.298801,0,0.40645,0,0.000329,0,0.14946,0,0.319643,0,0
0,0,0,0.026128,0,0.004948,0,0.064776,0,0.308609,0,0.407006,0,0.000361,0,0.113484,0,0.274001,0,0
0,0,0,0.01931,0,0.002252,0,0.021214,0,0.299244,0,0.359505,0,0.00023,0,0.141276,0,0.256055,0,0
0,0,0,0.021652,0,0.003865,0,0.124344,0,0.299636,0,0.387809,0,0.000263,0,0.127836,0,0.313423,0,0
0,0,0,0.029667,0,0.0036,0,0.01945,0,0.312448,0,0.340308,0,0.000263,0,0.118266,0,0.370981,0,0
0,0,0,0.020195,0,0.003989,0,0.02384,0,0.304459,0,0.370519,0,0.000263,0,0.179053,0,0.288603,0,0
0,0,0,0.018217,0,0.015264,0,0.012203,0,0.311442,0,0.34417,0,0.000263,0,0.100432,0,0.328276,0,0
0,0,0,0.047051,0,0.002299,0,0.01861,0,0.31141,0,0.485717,0,0.000394,0,0.134584,0,0.335354,0,0
0,0,0,0.022589,0,0.004021,0,0.068221,0,0.309853,0,0.420622,0,0.000329,0,0.185429,0,0.395752,0,0
0,0,0,0.02186,0,0.002564,0,0.033438,0,0.314118,0,0.379365,0,0.000296,0,0.126601,0,0.301651,0,0
0,0,0,0.018529,0,0.003499,0,0.01611,0,0.31407,0,0.341347,0,0.000296,0,0.11665,0,0.331827,0,0
0,0,0,0.024775,0,0.003834,0,0.015837,0,0.319491,0,0.333508,0,0.000263,0,0.108997,0,0.301759,0,0
0,0,0,0.091084,0,0.00321,0,0.200924,0,0.312785,0,0.462355,0,0.000361,0,0.202501,0,0.333557,0,0
0,0,0,0.020767,0,0.002899,0,0.030393,0,0.315463,0,0.373326,0,0.000263,0,0.108172,0,0.483042,0,0
